"../../../Engine/Plugins/Animation/ACLPlugin/Content/ACLAnimCurveCompressionSettings.uasset" 0
"../../../Engine/Plugins/Animation/ACLPlugin/Content/ACLAnimCurveCompressionSettings.uexp" 1
"../../../Engine/Plugins/Animation/ACLPlugin/Content/ACLAnimBoneCompressionSettings.uasset" 2
"../../../Engine/Plugins/Animation/ACLPlugin/Content/ACLAnimBoneCompressionSettings.uexp" 3
"../../../Engine/Plugins/2D/Paper2D/Content/PlaceholderTextures/DummySpriteTexture.ubulk" 4
"../../../Engine/Plugins/2D/Paper2D/Content/PlaceholderTextures/DummySpriteTexture.uasset" 5
"../../../Engine/Plugins/2D/Paper2D/Content/PlaceholderTextures/DummySpriteTexture.uexp" 6
"../../../Engine/Plugins/2D/Paper2D/Content/DummySprite.uasset" 7
"../../../Engine/Plugins/2D/Paper2D/Content/DummySprite.uexp" 8
"../../../Engine/Plugins/2D/Paper2D/Content/DefaultPaperTerrainMaterial.uasset" 9
"../../../Engine/Plugins/2D/Paper2D/Content/DefaultPaperTerrainMaterial.uexp" 10
"../../../Engine/Plugins/Interchange/Runtime/Content/Pipelines/DefaultTexturePipeline.uasset" 11
"../../../Engine/Plugins/Interchange/Runtime/Content/Pipelines/DefaultTexturePipeline.uexp" 12
"../../../Engine/Plugins/Interchange/Runtime/Content/Pipelines/DefaultSceneLevelPipeline.uasset" 13
"../../../Engine/Plugins/Interchange/Runtime/Content/Pipelines/DefaultSceneLevelPipeline.uexp" 14
"../../../Engine/Plugins/Interchange/Runtime/Content/Pipelines/DefaultSceneAssetsPipeline.uasset" 15
"../../../Engine/Plugins/Interchange/Runtime/Content/Pipelines/DefaultSceneAssetsPipeline.uexp" 16
"../../../Engine/Plugins/Interchange/Runtime/Content/Pipelines/DefaultMaterialXPipeline.uasset" 17
"../../../Engine/Plugins/Interchange/Runtime/Content/Pipelines/DefaultMaterialXPipeline.uexp" 18
"../../../Engine/Plugins/Interchange/Runtime/Content/Pipelines/DefaultMaterialPipeline.uasset" 19
"../../../Engine/Plugins/Interchange/Runtime/Content/Pipelines/DefaultMaterialPipeline.uexp" 20
"../../../Engine/Plugins/Interchange/Runtime/Content/Pipelines/DefaultGLTFSceneAssetsPipeline.uasset" 21
"../../../Engine/Plugins/Interchange/Runtime/Content/Pipelines/DefaultGLTFSceneAssetsPipeline.uexp" 22
"../../../Engine/Plugins/Interchange/Runtime/Content/Pipelines/DefaultGLTFPipeline.uasset" 23
"../../../Engine/Plugins/Interchange/Runtime/Content/Pipelines/DefaultGLTFPipeline.uexp" 24
"../../../Engine/Plugins/Interchange/Runtime/Content/Pipelines/DefaultGLTFAssetsPipeline.uasset" 25
"../../../Engine/Plugins/Interchange/Runtime/Content/Pipelines/DefaultGLTFAssetsPipeline.uexp" 26
"../../../Engine/Plugins/Interchange/Runtime/Content/Pipelines/DefaultAssetsPipeline.uasset" 27
"../../../Engine/Plugins/Interchange/Runtime/Content/Pipelines/DefaultAssetsPipeline.uexp" 28
"../../../Engine/Plugins/Animation/ControlRig/Content/Controls/DefaultGizmoLibraryNormalized.uasset" 29
"../../../Engine/Plugins/Animation/ControlRig/Content/Controls/DefaultGizmoLibraryNormalized.uexp" 30
"../../../Engine/Content/EngineSounds/Master.uasset" 31
"../../../Engine/Content/EngineSounds/Master.uexp" 32
"../../../Engine/Content/EngineMaterials/DefaultPhysicalMaterial.uasset" 33
"../../../Engine/Content/EngineMaterials/DefaultPhysicalMaterial.uexp" 34
"../../../Engine/Content/EngineMaterials/DefaultDestructiblePhysicalMaterial.uasset" 35
"../../../Engine/Content/EngineMaterials/DefaultDestructiblePhysicalMaterial.uexp" 36
"../../../Engine/Content/EngineFonts/Faces/RobotoLight.uexp" 37
"../../../Engine/Content/EngineFonts/Faces/RobotoLight.uasset" 38
"../../../Engine/Content/EngineFonts/Faces/RobotoLight.ufont" 39
"../../../Engine/Content/EngineFonts/Faces/RobotoBold.uexp" 40
"../../../Engine/Content/EngineFonts/Faces/RobotoBold.uasset" 41
"../../../Engine/Content/EngineFonts/Faces/RobotoBold.ufont" 42
"../../../Engine/Content/EngineFonts/Faces/RobotoRegular.uexp" 43
"../../../Engine/Content/EngineFonts/Faces/RobotoRegular.uasset" 44
"../../../Engine/Content/EngineFonts/Faces/RobotoRegular.ufont" 45
"../../../Engine/Content/EngineFonts/Faces/DroidSansFallback.uexp" 46
"../../../Engine/Content/EngineFonts/Faces/DroidSansFallback.uasset" 47
"../../../Engine/Content/EngineFonts/Faces/DroidSansFallback.ufont" 48
"../../../Engine/Content/EngineFonts/Faces/RobotoItalic.uexp" 49
"../../../Engine/Content/EngineFonts/Faces/RobotoItalic.uasset" 50
"../../../Engine/Content/EngineFonts/Faces/RobotoItalic.ufont" 51
"../../../Engine/Content/EngineFonts/Faces/RobotoBoldItalic.uexp" 52
"../../../Engine/Content/EngineFonts/Faces/RobotoBoldItalic.uasset" 53
"../../../Engine/Content/EngineFonts/Faces/RobotoBoldItalic.ufont" 54
"../../../Engine/Content/EngineFonts/Roboto.uasset" 55
"../../../Engine/Content/EngineFonts/Roboto.uexp" 56
"../../../Engine/Content/MobileResources/HUD/VirtualJoystick_Background.uasset" 57
"../../../Engine/Content/MobileResources/HUD/VirtualJoystick_Background.uexp" 58
"../../../Engine/Content/MobileResources/HUD/VirtualJoystick_Thumb.uasset" 59
"../../../Engine/Content/MobileResources/HUD/VirtualJoystick_Thumb.uexp" 60
"C:/Users/Peiying Zhang/Desktop/CompassDemo/Content/FirstPerson/Input/MobileControls.uasset" 61
"C:/Users/Peiying Zhang/Desktop/CompassDemo/Content/FirstPerson/Input/MobileControls.uexp" 62
"../../../Engine/Content/EditorResources/S_Actor.ubulk" 63
"../../../Engine/Content/EditorResources/S_Actor.uasset" 64
"../../../Engine/Content/EditorResources/S_Actor.uexp" 65
"../../../Engine/Plugins/Runtime/AudioWidgets/Content/Resources/ScrubHandleDown_Clamped.uasset" 66
"../../../Engine/Plugins/Runtime/AudioWidgets/Content/Resources/ScrubHandleDown_Clamped.uexp" 67
"../../../Engine/Content/EngineResources/GradientTexture0.uasset" 68
"../../../Engine/Content/EngineResources/GradientTexture0.uexp" 69
"../../../Engine/Content/EngineResources/DefaultTexture.ubulk" 70
"../../../Engine/Content/EngineResources/DefaultTexture.uasset" 71
"../../../Engine/Content/EngineResources/DefaultTexture.uexp" 72
"../../../Engine/Content/EngineResources/Black.uasset" 73
"../../../Engine/Content/EngineResources/Black.uexp" 74
"../../../Engine/Content/EngineMaterials/PreintegratedSkinBRDF.uasset" 75
"../../../Engine/Content/EngineMaterials/PreintegratedSkinBRDF.uexp" 76
"../../../Engine/Content/EngineMaterials/MiniFont.uasset" 77
"../../../Engine/Content/EngineMaterials/MiniFont.uexp" 78
"../../../Engine/Content/EngineMaterials/FastBlueNoise_vec2_128x128x64.uasset" 79
"../../../Engine/Content/EngineMaterials/FastBlueNoise_vec2_128x128x64.uexp" 80
"../../../Engine/Content/EngineMaterials/FastBlueNoise_scalar_128x128x64.uasset" 81
"../../../Engine/Content/EngineMaterials/FastBlueNoise_scalar_128x128x64.uexp" 82
"../../../Engine/Content/EngineMaterials/DefaultWhiteGrid.ubulk" 83
"../../../Engine/Content/EngineMaterials/DefaultWhiteGrid.uasset" 84
"../../../Engine/Content/EngineMaterials/DefaultWhiteGrid.uexp" 85
"../../../Engine/Content/EngineMaterials/DefaultBokeh.uasset" 86
"../../../Engine/Content/EngineMaterials/DefaultBokeh.uexp" 87
"../../../Engine/Content/EngineMaterials/DefaultBloomKernel.uasset" 88
"../../../Engine/Content/EngineMaterials/DefaultBloomKernel.uexp" 89
"../../../Engine/Content/EngineDamageTypes/DmgTypeBP_Environmental.uasset" 90
"../../../Engine/Content/EngineDamageTypes/DmgTypeBP_Environmental.uexp" 91
"../../../Engine/Content/EditorResources/S_TriggerSphere.uasset" 92
"../../../Engine/Content/EditorResources/S_TriggerSphere.uexp" 93
"../../../Engine/Content/EditorResources/S_TriggerCapsule.uasset" 94
"../../../Engine/Content/EditorResources/S_TriggerCapsule.uexp" 95
"../../../Engine/Content/EditorResources/S_TriggerBox.uasset" 96
"../../../Engine/Content/EditorResources/S_TriggerBox.uexp" 97
"../../../Engine/Content/EditorResources/S_Trigger.ubulk" 98
"../../../Engine/Content/EditorResources/S_Trigger.uasset" 99
"../../../Engine/Content/EditorResources/S_Trigger.uexp" 100
"../../../Engine/Content/EditorResources/S_Terrain.ubulk" 101
"../../../Engine/Content/EditorResources/S_Terrain.uasset" 102
"../../../Engine/Content/EditorResources/S_Terrain.uexp" 103
"../../../Engine/Content/EditorResources/S_Solver.ubulk" 104
"../../../Engine/Content/EditorResources/S_Solver.uasset" 105
"../../../Engine/Content/EditorResources/S_Solver.uexp" 106
"../../../Engine/Content/EditorResources/S_BoxReflectionCapture.uasset" 107
"../../../Engine/Content/EditorResources/S_BoxReflectionCapture.uexp" 108
"../../../Engine/Content/EditorResources/EmptyActor.uasset" 109
"../../../Engine/Content/EditorResources/EmptyActor.uexp" 110
"../../../Engine/Content/EditorResources/BSPVertex.uasset" 111
"../../../Engine/Content/EditorResources/BSPVertex.uexp" 112
"../../../Engine/Content/EditorLandscapeResources/DefaultAlphaTexture.uasset" 113
"../../../Engine/Content/EditorLandscapeResources/DefaultAlphaTexture.uexp" 114
"../../../Engine/Content/EngineFonts/Faces/RobotoTiny.uexp" 115
"../../../Engine/Content/EngineFonts/Faces/RobotoTiny.uasset" 116
"../../../Engine/Content/EngineFonts/Faces/RobotoTiny.ufont" 117
"../../../Engine/Content/EngineFonts/RobotoTiny.uasset" 118
"../../../Engine/Content/EngineFonts/RobotoTiny.uexp" 119
"C:/Users/Peiying Zhang/Desktop/CompassDemo/Content/UI/WBP_CompassTick.uasset" 120
"C:/Users/Peiying Zhang/Desktop/CompassDemo/Content/UI/WBP_CompassTick.uexp" 121
"../../../Engine/Content/EngineFonts/Faces/DroidSansMono.uexp" 122
"../../../Engine/Content/EngineFonts/Faces/DroidSansMono.uasset" 123
"../../../Engine/Content/EngineFonts/Faces/DroidSansMono.ufont" 124
"../../../Engine/Content/EngineFonts/DroidSansMono.uasset" 125
"../../../Engine/Content/EngineFonts/DroidSansMono.uexp" 126
"C:/Users/Peiying Zhang/Desktop/CompassDemo/Content/UI/WBP_CompassNumber.uasset" 127
"C:/Users/Peiying Zhang/Desktop/CompassDemo/Content/UI/WBP_CompassNumber.uexp" 128
"../../../Engine/Content/MapTemplates/Sky/DaylightAmbientCubemap.uasset" 129
"../../../Engine/Content/MapTemplates/Sky/DaylightAmbientCubemap.uexp" 130
"../../../Engine/Content/Functions/Engine_MaterialFunctions02/ExampleContent/Textures/newhplaneAlphaMap.ubulk" 131
"../../../Engine/Content/Functions/Engine_MaterialFunctions02/ExampleContent/Textures/newhplaneAlphaMap.uasset" 132
"../../../Engine/Content/Functions/Engine_MaterialFunctions02/ExampleContent/Textures/newhplaneAlphaMap.uexp" 133
"../../../Engine/Content/Functions/Engine_MaterialFunctions02/ExampleContent/Textures/newhplaneNormalsMap.ubulk" 134
"../../../Engine/Content/Functions/Engine_MaterialFunctions02/ExampleContent/Textures/newhplaneNormalsMap.uasset" 135
"../../../Engine/Content/Functions/Engine_MaterialFunctions02/ExampleContent/Textures/newhplaneNormalsMap.uexp" 136
"../../../Engine/Content/Functions/Engine_MaterialFunctions02/ExampleContent/Textures/newhplaneHeightMap.ubulk" 137
"../../../Engine/Content/Functions/Engine_MaterialFunctions02/ExampleContent/Textures/newhplaneHeightMap.uasset" 138
"../../../Engine/Content/Functions/Engine_MaterialFunctions02/ExampleContent/Textures/newhplaneHeightMap.uexp" 139
"../../../Engine/Content/Functions/Engine_MaterialFunctions02/Texturing/3dParticleOpacity.uasset" 140
"../../../Engine/Content/Functions/Engine_MaterialFunctions02/Texturing/3dParticleOpacity.uexp" 141
"../../../Engine/Content/Functions/Engine_MaterialFunctions02/ExampleContent/Textures/newhplaneLightingMap.ubulk" 142
"../../../Engine/Content/Functions/Engine_MaterialFunctions02/ExampleContent/Textures/newhplaneLightingMap.uasset" 143
"../../../Engine/Content/Functions/Engine_MaterialFunctions02/ExampleContent/Textures/newhplaneLightingMap.uexp" 144
"../../../Engine/Content/Functions/Engine_MaterialFunctions02/ExampleContent/3dParticleOpacity_Mat.uasset" 145
"../../../Engine/Content/Functions/Engine_MaterialFunctions02/ExampleContent/3dParticleOpacity_Mat.uexp" 146
"C:/Users/Peiying Zhang/Desktop/CompassDemo/Content/UI/WBP_CompassHUD.uasset" 147
"C:/Users/Peiying Zhang/Desktop/CompassDemo/Content/UI/WBP_CompassHUD.uexp" 148
"C:/Users/Peiying Zhang/Desktop/CompassDemo/Content/Blueprints/BP_CompassPlayerController.uasset" 149
"C:/Users/Peiying Zhang/Desktop/CompassDemo/Content/Blueprints/BP_CompassPlayerController.uexp" 150
"C:/Users/Peiying Zhang/Desktop/CompassDemo/Content/FirstPerson/Input/Actions/IA_Look.uasset" 151
"C:/Users/Peiying Zhang/Desktop/CompassDemo/Content/FirstPerson/Input/Actions/IA_Look.uexp" 152
"C:/Users/Peiying Zhang/Desktop/CompassDemo/Content/FirstPersonArms/Character/Textures/Manny/T_Manny_02_N.ubulk" 153
"C:/Users/Peiying Zhang/Desktop/CompassDemo/Content/FirstPersonArms/Character/Textures/Manny/T_Manny_02_N.uasset" 154
"C:/Users/Peiying Zhang/Desktop/CompassDemo/Content/FirstPersonArms/Character/Textures/Manny/T_Manny_02_N.uexp" 155
"C:/Users/Peiying Zhang/Desktop/CompassDemo/Content/FirstPersonArms/Character/Textures/Manny/T_Manny_02_BN.ubulk" 156
"C:/Users/Peiying Zhang/Desktop/CompassDemo/Content/FirstPersonArms/Character/Textures/Manny/T_Manny_02_BN.uasset" 157
"C:/Users/Peiying Zhang/Desktop/CompassDemo/Content/FirstPersonArms/Character/Textures/Manny/T_Manny_02_BN.uexp" 158
"C:/Users/Peiying Zhang/Desktop/CompassDemo/Content/FirstPersonArms/Character/Textures/Manny/T_Manny_02_ASAOPMASK_MSK.ubulk" 159
"C:/Users/Peiying Zhang/Desktop/CompassDemo/Content/FirstPersonArms/Character/Textures/Manny/T_Manny_02_ASAOPMASK_MSK.uasset" 160
"C:/Users/Peiying Zhang/Desktop/CompassDemo/Content/FirstPersonArms/Character/Textures/Manny/T_Manny_02_ASAOPMASK_MSK.uexp" 161
"C:/Users/Peiying Zhang/Desktop/CompassDemo/Content/FirstPersonArms/Character/Textures/Manny/T_Manny_01_ASAOPMASK_MSK.ubulk" 162
"C:/Users/Peiying Zhang/Desktop/CompassDemo/Content/FirstPersonArms/Character/Textures/Manny/T_Manny_01_ASAOPMASK_MSK.uasset" 163
"C:/Users/Peiying Zhang/Desktop/CompassDemo/Content/FirstPersonArms/Character/Textures/Manny/T_Manny_01_ASAOPMASK_MSK.uexp" 164
"C:/Users/Peiying Zhang/Desktop/CompassDemo/Content/FirstPersonArms/Character/Textures/Manny/T_Manny_01_CCRCCPlastic_MSK.ubulk" 165
"C:/Users/Peiying Zhang/Desktop/CompassDemo/Content/FirstPersonArms/Character/Textures/Manny/T_Manny_01_CCRCCPlastic_MSK.uasset" 166
"C:/Users/Peiying Zhang/Desktop/CompassDemo/Content/FirstPersonArms/Character/Textures/Manny/T_Manny_01_CCRCCPlastic_MSK.uexp" 167
"C:/Users/Peiying Zhang/Desktop/CompassDemo/Content/FirstPersonArms/Character/Textures/Manny/T_Manny_01_Tan.ubulk" 168
"C:/Users/Peiying Zhang/Desktop/CompassDemo/Content/FirstPersonArms/Character/Textures/Manny/T_Manny_01_Tan.uasset" 169
"C:/Users/Peiying Zhang/Desktop/CompassDemo/Content/FirstPersonArms/Character/Textures/Manny/T_Manny_01_Tan.uexp" 170
"C:/Users/Peiying Zhang/Desktop/CompassDemo/Content/FirstPersonArms/Character/Textures/Manny/T_Manny_01_BN.ubulk" 171
"C:/Users/Peiying Zhang/Desktop/CompassDemo/Content/FirstPersonArms/Character/Textures/Manny/T_Manny_01_BN.uasset" 172
"C:/Users/Peiying Zhang/Desktop/CompassDemo/Content/FirstPersonArms/Character/Textures/Manny/T_Manny_01_BN.uexp" 173
"C:/Users/Peiying Zhang/Desktop/CompassDemo/Content/FirstPersonArms/Character/Textures/Manny/T_Manny_01_MSR_MSK.ubulk" 174
"C:/Users/Peiying Zhang/Desktop/CompassDemo/Content/FirstPersonArms/Character/Textures/Manny/T_Manny_01_MSR_MSK.uasset" 175
"C:/Users/Peiying Zhang/Desktop/CompassDemo/Content/FirstPersonArms/Character/Textures/Manny/T_Manny_01_MSR_MSK.uexp" 176
"C:/Users/Peiying Zhang/Desktop/CompassDemo/Content/FirstPersonArms/Character/Textures/Manny/T_Manny_01_N.ubulk" 177
"C:/Users/Peiying Zhang/Desktop/CompassDemo/Content/FirstPersonArms/Character/Textures/Manny/T_Manny_01_N.uasset" 178
"C:/Users/Peiying Zhang/Desktop/CompassDemo/Content/FirstPersonArms/Character/Textures/Manny/T_Manny_01_N.uexp" 179
"C:/Users/Peiying Zhang/Desktop/CompassDemo/Content/FirstPersonArms/Character/Textures/Manny/T_Manny_01_D.ubulk" 180
"C:/Users/Peiying Zhang/Desktop/CompassDemo/Content/FirstPersonArms/Character/Textures/Manny/T_Manny_01_D.uasset" 181
"C:/Users/Peiying Zhang/Desktop/CompassDemo/Content/FirstPersonArms/Character/Textures/Manny/T_Manny_01_D.uexp" 182
"C:/Users/Peiying Zhang/Desktop/CompassDemo/Content/FirstPersonArms/Character/Materials/Functions/ChromaticCurve.uasset" 183
"C:/Users/Peiying Zhang/Desktop/CompassDemo/Content/FirstPersonArms/Character/Materials/Functions/ChromaticCurve.uexp" 184
"C:/Users/Peiying Zhang/Desktop/CompassDemo/Content/FirstPersonArms/Character/Materials/Functions/CA_Mannequin.uasset" 185
"C:/Users/Peiying Zhang/Desktop/CompassDemo/Content/FirstPersonArms/Character/Materials/Functions/CA_Mannequin.uexp" 186
"C:/Users/Peiying Zhang/Desktop/CompassDemo/Content/FirstPersonArms/Character/Materials/Functions/MF_Diffraction.uasset" 187
"C:/Users/Peiying Zhang/Desktop/CompassDemo/Content/FirstPersonArms/Character/Materials/Functions/MF_Diffraction.uexp" 188
"../../../Engine/Content/Functions/Engine_MaterialFunctions02/Utility/BreakOutFloat2Components.uasset" 189
"../../../Engine/Content/Functions/Engine_MaterialFunctions02/Utility/BreakOutFloat2Components.uexp" 190
"../../../Engine/Content/Functions/Engine_MaterialFunctions01/Texturing/ScaleUVsByCenter.uasset" 191
"../../../Engine/Content/Functions/Engine_MaterialFunctions01/Texturing/ScaleUVsByCenter.uexp" 192
"C:/Users/Peiying Zhang/Desktop/CompassDemo/Content/FirstPersonArms/Character/Textures/Shared/T_UE_Logo_M.uasset" 193
"C:/Users/Peiying Zhang/Desktop/CompassDemo/Content/FirstPersonArms/Character/Textures/Shared/T_UE_Logo_M.uexp" 194
"C:/Users/Peiying Zhang/Desktop/CompassDemo/Content/FirstPersonArms/Character/Materials/Functions/MF_logo3layers.uasset" 195
"C:/Users/Peiying Zhang/Desktop/CompassDemo/Content/FirstPersonArms/Character/Materials/Functions/MF_logo3layers.uexp" 196
"C:/Users/Peiying Zhang/Desktop/CompassDemo/Content/FirstPersonArms/Character/Materials/Functions/ML_BaseColorFallOff.uasset" 197
"C:/Users/Peiying Zhang/Desktop/CompassDemo/Content/FirstPersonArms/Character/Materials/Functions/ML_BaseColorFallOff.uexp" 198
"C:/Users/Peiying Zhang/Desktop/CompassDemo/Content/FirstPersonArms/Character/Materials/M_Mannequin.uasset" 199
"C:/Users/Peiying Zhang/Desktop/CompassDemo/Content/FirstPersonArms/Character/Materials/M_Mannequin.uexp" 200
"C:/Users/Peiying Zhang/Desktop/CompassDemo/Content/FirstPersonArms/Character/Materials/Instances/Manny/MI_Manny_01.uasset" 201
"C:/Users/Peiying Zhang/Desktop/CompassDemo/Content/FirstPersonArms/Character/Materials/Instances/Manny/MI_Manny_01.uexp" 202
"C:/Users/Peiying Zhang/Desktop/CompassDemo/Content/FirstPersonArms/Character/Textures/Manny/T_Manny_02_CCRCCPlastic_MSK.ubulk" 203
"C:/Users/Peiying Zhang/Desktop/CompassDemo/Content/FirstPersonArms/Character/Textures/Manny/T_Manny_02_CCRCCPlastic_MSK.uasset" 204
"C:/Users/Peiying Zhang/Desktop/CompassDemo/Content/FirstPersonArms/Character/Textures/Manny/T_Manny_02_CCRCCPlastic_MSK.uexp" 205
"C:/Users/Peiying Zhang/Desktop/CompassDemo/Content/FirstPersonArms/Character/Textures/Manny/T_Manny_02_MSR_MSK.ubulk" 206
"C:/Users/Peiying Zhang/Desktop/CompassDemo/Content/FirstPersonArms/Character/Textures/Manny/T_Manny_02_MSR_MSK.uasset" 207
"C:/Users/Peiying Zhang/Desktop/CompassDemo/Content/FirstPersonArms/Character/Textures/Manny/T_Manny_02_MSR_MSK.uexp" 208
"C:/Users/Peiying Zhang/Desktop/CompassDemo/Content/FirstPersonArms/Character/Textures/Manny/T_Manny_02_D.ubulk" 209
"C:/Users/Peiying Zhang/Desktop/CompassDemo/Content/FirstPersonArms/Character/Textures/Manny/T_Manny_02_D.uasset" 210
"C:/Users/Peiying Zhang/Desktop/CompassDemo/Content/FirstPersonArms/Character/Textures/Manny/T_Manny_02_D.uexp" 211
"C:/Users/Peiying Zhang/Desktop/CompassDemo/Content/FirstPersonArms/Character/Textures/Manny/T_Manny_02_Tan.ubulk" 212
"C:/Users/Peiying Zhang/Desktop/CompassDemo/Content/FirstPersonArms/Character/Textures/Manny/T_Manny_02_Tan.uasset" 213
"C:/Users/Peiying Zhang/Desktop/CompassDemo/Content/FirstPersonArms/Character/Textures/Manny/T_Manny_02_Tan.uexp" 214
"C:/Users/Peiying Zhang/Desktop/CompassDemo/Content/FirstPersonArms/Character/Materials/Instances/Manny/MI_Manny_02.uasset" 215
"C:/Users/Peiying Zhang/Desktop/CompassDemo/Content/FirstPersonArms/Character/Materials/Instances/Manny/MI_Manny_02.uexp" 216
"C:/Users/Peiying Zhang/Desktop/CompassDemo/Content/FirstPersonArms/Character/Mesh/SK_Mannequin_Arms_PhysicsAsset.uasset" 217
"C:/Users/Peiying Zhang/Desktop/CompassDemo/Content/FirstPersonArms/Character/Mesh/SK_Mannequin_Arms_PhysicsAsset.uexp" 218
"C:/Users/Peiying Zhang/Desktop/CompassDemo/Content/FirstPersonArms/Character/Mesh/SK_Mannequin_Arms_Skeleton.uasset" 219
"C:/Users/Peiying Zhang/Desktop/CompassDemo/Content/FirstPersonArms/Character/Mesh/SK_Mannequin_Arms_Skeleton.uexp" 220
"C:/Users/Peiying Zhang/Desktop/CompassDemo/Content/FirstPersonArms/Character/Mesh/SK_Mannequin_Arms.uasset" 221
"C:/Users/Peiying Zhang/Desktop/CompassDemo/Content/FirstPersonArms/Character/Mesh/SK_Mannequin_Arms.uexp" 222
"C:/Users/Peiying Zhang/Desktop/CompassDemo/Content/FirstPerson/Input/Actions/IA_Move.uasset" 223
"C:/Users/Peiying Zhang/Desktop/CompassDemo/Content/FirstPerson/Input/Actions/IA_Move.uexp" 224
"C:/Users/Peiying Zhang/Desktop/CompassDemo/Content/FirstPerson/Input/Actions/IA_Jump.uasset" 225
"C:/Users/Peiying Zhang/Desktop/CompassDemo/Content/FirstPerson/Input/Actions/IA_Jump.uexp" 226
"C:/Users/Peiying Zhang/Desktop/CompassDemo/Content/FirstPerson/Input/IMC_Default.uasset" 227
"C:/Users/Peiying Zhang/Desktop/CompassDemo/Content/FirstPerson/Input/IMC_Default.uexp" 228
"../../../Engine/Content/Animation/DefaultAnimCurveCompressionSettings.uasset" 229
"../../../Engine/Content/Animation/DefaultAnimCurveCompressionSettings.uexp" 230
"../../../Engine/Content/Animation/DefaultAnimBoneCompressionSettings.uasset" 231
"../../../Engine/Content/Animation/DefaultAnimBoneCompressionSettings.uexp" 232
"C:/Users/Peiying Zhang/Desktop/CompassDemo/Content/FirstPersonArms/Animations/FP_Rifle_Idle.uasset" 233
"C:/Users/Peiying Zhang/Desktop/CompassDemo/Content/FirstPersonArms/Animations/FP_Rifle_Idle.uexp" 234
"C:/Users/Peiying Zhang/Desktop/CompassDemo/Content/FirstPersonArms/Animations/FP_Rifle_Land.uasset" 235
"C:/Users/Peiying Zhang/Desktop/CompassDemo/Content/FirstPersonArms/Animations/FP_Rifle_Land.uexp" 236
"C:/Users/Peiying Zhang/Desktop/CompassDemo/Content/FirstPersonArms/Animations/FP_Rifle_Run.uasset" 237
"C:/Users/Peiying Zhang/Desktop/CompassDemo/Content/FirstPersonArms/Animations/FP_Rifle_Run.uexp" 238
"C:/Users/Peiying Zhang/Desktop/CompassDemo/Content/FirstPersonArms/Animations/FP_Rifle_Falling.uasset" 239
"C:/Users/Peiying Zhang/Desktop/CompassDemo/Content/FirstPersonArms/Animations/FP_Rifle_Falling.uexp" 240
"../../../Engine/Content/Animation/DefaultRecorderBoneCompression.uasset" 241
"../../../Engine/Content/Animation/DefaultRecorderBoneCompression.uexp" 242
"C:/Users/Peiying Zhang/Desktop/CompassDemo/Content/FirstPersonArms/Animations/FP_Idle.uasset" 243
"C:/Users/Peiying Zhang/Desktop/CompassDemo/Content/FirstPersonArms/Animations/FP_Idle.uexp" 244
"C:/Users/Peiying Zhang/Desktop/CompassDemo/Content/FirstPersonArms/Animations/FP_Jump.uasset" 245
"C:/Users/Peiying Zhang/Desktop/CompassDemo/Content/FirstPersonArms/Animations/FP_Jump.uexp" 246
"C:/Users/Peiying Zhang/Desktop/CompassDemo/Content/FirstPersonArms/Animations/FP_Run_Fwd.uasset" 247
"C:/Users/Peiying Zhang/Desktop/CompassDemo/Content/FirstPersonArms/Animations/FP_Run_Fwd.uexp" 248
"C:/Users/Peiying Zhang/Desktop/CompassDemo/Content/FirstPersonArms/Animations/FP_Land.uasset" 249
"C:/Users/Peiying Zhang/Desktop/CompassDemo/Content/FirstPersonArms/Animations/FP_Land.uexp" 250
"C:/Users/Peiying Zhang/Desktop/CompassDemo/Content/FirstPersonArms/Animations/FP_Falling.uasset" 251
"C:/Users/Peiying Zhang/Desktop/CompassDemo/Content/FirstPersonArms/Animations/FP_Falling.uexp" 252
"../../../Engine/Content/Animation/DefaultVariableFrameStrippingSettings.uasset" 253
"../../../Engine/Content/Animation/DefaultVariableFrameStrippingSettings.uexp" 254
"C:/Users/Peiying Zhang/Desktop/CompassDemo/Content/FirstPersonArms/Animations/FP_Rifle_Jump.uasset" 255
"C:/Users/Peiying Zhang/Desktop/CompassDemo/Content/FirstPersonArms/Animations/FP_Rifle_Jump.uexp" 256
"C:/Users/Peiying Zhang/Desktop/CompassDemo/Content/FirstPersonArms/Animations/FirstPerson_AnimBP.uasset" 257
"C:/Users/Peiying Zhang/Desktop/CompassDemo/Content/FirstPersonArms/Animations/FirstPerson_AnimBP.uexp" 258
"C:/Users/Peiying Zhang/Desktop/CompassDemo/Content/FirstPerson/Blueprints/BP_FirstPersonCharacter.uasset" 259
"C:/Users/Peiying Zhang/Desktop/CompassDemo/Content/FirstPerson/Blueprints/BP_FirstPersonCharacter.uexp" 260
"C:/Users/Peiying Zhang/Desktop/CompassDemo/Content/FirstPerson/Blueprints/BP_FirstPersonGameMode.uasset" 261
"C:/Users/Peiying Zhang/Desktop/CompassDemo/Content/FirstPerson/Blueprints/BP_FirstPersonGameMode.uexp" 262
"../../../Engine/Content/EngineResources/FilmGrains/Marcie_Grain_v3_128_M2_000.uasset" 263
"../../../Engine/Content/EngineResources/FilmGrains/Marcie_Grain_v3_128_M2_000.uexp" 264
"../../../Engine/Content/EngineMaterials/LTC/Sheen_LTC.uasset" 265
"../../../Engine/Content/EngineMaterials/LTC/Sheen_LTC.uexp" 266
"../../../Engine/Content/EngineMaterials/LTC/GGX_LTCMat.uasset" 267
"../../../Engine/Content/EngineMaterials/LTC/GGX_LTCMat.uexp" 268
"../../../Engine/Content/EngineMaterials/LTC/GGX_LTCAmp.uasset" 269
"../../../Engine/Content/EngineMaterials/LTC/GGX_LTCAmp.uexp" 270
"../../../Engine/Content/EngineMaterials/EnergyConservation/Sheen_Energy.uasset" 271
"../../../Engine/Content/EngineMaterials/EnergyConservation/Sheen_Energy.uexp" 272
"../../../Engine/Content/EngineMaterials/EnergyConservation/SheenLegacy_Energy.uasset" 273
"../../../Engine/Content/EngineMaterials/EnergyConservation/SheenLegacy_Energy.uexp" 274
"../../../Engine/Content/EngineMaterials/EnergyConservation/GGX_TransmissionEnergyArray.uasset" 275
"../../../Engine/Content/EngineMaterials/EnergyConservation/GGX_TransmissionEnergyArray.uexp" 276
"../../../Engine/Content/EngineMaterials/EnergyConservation/GGX_ReflectionEnergy.uasset" 277
"../../../Engine/Content/EngineMaterials/EnergyConservation/GGX_ReflectionEnergy.uexp" 278
"../../../Engine/Content/EngineMaterials/EnergyConservation/Diffuse_Energy.uasset" 279
"../../../Engine/Content/EngineMaterials/EnergyConservation/Diffuse_Energy.uexp" 280
"../../../Engine/Content/EditorResources/SequenceRecorder/RecordingIndicator.uasset" 281
"../../../Engine/Content/EditorResources/SequenceRecorder/RecordingIndicator.uexp" 282
"../../../Engine/Content/EditorResources/SequenceRecorder/Countdown.uasset" 283
"../../../Engine/Content/EditorResources/SequenceRecorder/Countdown.uexp" 284
"../../../Engine/Content/EditorMaterials/ParticleSystems/PSysThumbnail_OOD.ubulk" 285
"../../../Engine/Content/EditorMaterials/ParticleSystems/PSysThumbnail_OOD.uasset" 286
"../../../Engine/Content/EditorMaterials/ParticleSystems/PSysThumbnail_OOD.uexp" 287
"../../../Engine/Content/EditorMaterials/ParticleSystems/PSysThumbnail_NoImage.ubulk" 288
"../../../Engine/Content/EditorMaterials/ParticleSystems/PSysThumbnail_NoImage.uasset" 289
"../../../Engine/Content/EditorMaterials/ParticleSystems/PSysThumbnail_NoImage.uexp" 290
"../../../Engine/Content/EngineResources/DefaultTextureCube.uasset" 291
"../../../Engine/Content/EngineResources/DefaultTextureCube.uexp" 292
"../../../Engine/Content/EngineResources/DefaultVolumeTexture2D.uasset" 293
"../../../Engine/Content/EngineResources/DefaultVolumeTexture2D.uexp" 294
"../../../Engine/Content/EngineResources/DefaultVolumeTexture.uasset" 295
"../../../Engine/Content/EngineResources/DefaultVolumeTexture.uexp" 296
"../../../Engine/Plugins/Interchange/Assets/Content/Functions/MX_UsdPreviewSurface.uasset" 297
"../../../Engine/Plugins/Interchange/Assets/Content/Functions/MX_UsdPreviewSurface.uexp" 298
"../../../Engine/Plugins/Interchange/Assets/Content/Functions/MX_UniformEDF.uasset" 299
"../../../Engine/Plugins/Interchange/Assets/Content/Functions/MX_UniformEDF.uexp" 300
"../../../Engine/Plugins/Interchange/Assets/Content/Functions/MX_TranslucentBSDF.uasset" 301
"../../../Engine/Plugins/Interchange/Assets/Content/Functions/MX_TranslucentBSDF.uexp" 302
"../../../Engine/Plugins/Interchange/Assets/Content/Functions/MX_ThinFilmBSDF.uasset" 303
"../../../Engine/Plugins/Interchange/Assets/Content/Functions/MX_ThinFilmBSDF.uexp" 304
"../../../Engine/Plugins/Interchange/Assets/Content/Functions/MX_SurfaceUnlit.uasset" 305
"../../../Engine/Plugins/Interchange/Assets/Content/Functions/MX_SurfaceUnlit.uexp" 306
"../../../Engine/Plugins/Interchange/Assets/Content/Functions/MX_Surface.uasset" 307
"../../../Engine/Plugins/Interchange/Assets/Content/Functions/MX_Surface.uexp" 308
"../../../Engine/Plugins/Interchange/Assets/Content/Functions/MX_SubsurfaceBSDF.uasset" 309
"../../../Engine/Plugins/Interchange/Assets/Content/Functions/MX_SubsurfaceBSDF.uexp" 310
"../../../Engine/Plugins/Interchange/Assets/Content/Functions/MX_SheenBSDF.uasset" 311
"../../../Engine/Plugins/Interchange/Assets/Content/Functions/MX_SheenBSDF.uexp" 312
"../../../Engine/Plugins/Interchange/Assets/Content/Functions/MX_OrenNayarBSDF.uasset" 313
"../../../Engine/Plugins/Interchange/Assets/Content/Functions/MX_OrenNayarBSDF.uexp" 314
"../../../Engine/Plugins/Interchange/Assets/Content/Utilities/New_LUT.uasset" 315
"../../../Engine/Plugins/Interchange/Assets/Content/Utilities/New_LUT.uexp" 316
"../../../Engine/Content/Functions/Engine_MaterialFunctions03/Math/RemapValueRange.uasset" 317
"../../../Engine/Content/Functions/Engine_MaterialFunctions03/Math/RemapValueRange.uexp" 318
"../../../Engine/Plugins/Interchange/Assets/Content/Functions/MF_Iridescence.uasset" 319
"../../../Engine/Plugins/Interchange/Assets/Content/Functions/MF_Iridescence.uexp" 320
"../../../Engine/Plugins/Interchange/Assets/Content/Functions/MX_StandardSurface.uasset" 321
"../../../Engine/Plugins/Interchange/Assets/Content/Functions/MX_StandardSurface.uexp" 322
"../../../Engine/Plugins/Interchange/Assets/Content/Functions/MX_TransmissionSurface.uasset" 323
"../../../Engine/Plugins/Interchange/Assets/Content/Functions/MX_TransmissionSurface.uexp" 324
"../../../Engine/Plugins/Interchange/Assets/Content/Functions/MX_OpenPBR_Translucent.uasset" 325
"../../../Engine/Plugins/Interchange/Assets/Content/Functions/MX_OpenPBR_Translucent.uexp" 326
"../../../Engine/Plugins/Interchange/Assets/Content/Functions/MX_OpenPBR_Opaque.uasset" 327
"../../../Engine/Plugins/Interchange/Assets/Content/Functions/MX_OpenPBR_Opaque.uexp" 328
"../../../Engine/Plugins/Interchange/Assets/Content/Functions/MX_MeasuredEDF.uasset" 329
"../../../Engine/Plugins/Interchange/Assets/Content/Functions/MX_MeasuredEDF.uexp" 330
"../../../Engine/Plugins/Interchange/Assets/Content/Functions/MX_GeneralizedSchlickBSDF.uasset" 331
"../../../Engine/Plugins/Interchange/Assets/Content/Functions/MX_GeneralizedSchlickBSDF.uexp" 332
"../../../Engine/Plugins/Interchange/Assets/Content/Functions/MX_DielectricBSDF.uasset" 333
"../../../Engine/Plugins/Interchange/Assets/Content/Functions/MX_DielectricBSDF.uexp" 334
"../../../Engine/Plugins/Interchange/Assets/Content/Functions/MX_ConicalEDF.uasset" 335
"../../../Engine/Plugins/Interchange/Assets/Content/Functions/MX_ConicalEDF.uexp" 336
"../../../Engine/Plugins/Interchange/Assets/Content/Functions/MX_ConductorBSDF.uasset" 337
"../../../Engine/Plugins/Interchange/Assets/Content/Functions/MX_ConductorBSDF.uexp" 338
"../../../Engine/Plugins/Interchange/Assets/Content/Functions/MX_BurleyDiffuseBSDF.uasset" 339
"../../../Engine/Plugins/Interchange/Assets/Content/Functions/MX_BurleyDiffuseBSDF.uexp" 340
"../../../Engine/Plugins/Interchange/Assets/Content/Functions/MX_AnisotropicVDF.uasset" 341
"../../../Engine/Plugins/Interchange/Assets/Content/Functions/MX_AnisotropicVDF.uexp" 342
"../../../Engine/Plugins/Interchange/Assets/Content/Functions/MX_AbsorptionVDF.uasset" 343
"../../../Engine/Plugins/Interchange/Assets/Content/Functions/MX_AbsorptionVDF.uexp" 344
"../../../Engine/Content/Functions/Engine_MaterialFunctions01/Shading/PowerToRoughness.uasset" 345
"../../../Engine/Content/Functions/Engine_MaterialFunctions01/Shading/PowerToRoughness.uexp" 346
"../../../Engine/Content/Functions/Engine_MaterialFunctions01/Shading/ConvertFromDiffSpec.uasset" 347
"../../../Engine/Content/Functions/Engine_MaterialFunctions01/Shading/ConvertFromDiffSpec.uexp" 348
"../../../Engine/Content/EngineMaterials/Substrate/Volume/SubstrateSimpleVolumeLUT3D.uasset" 349
"../../../Engine/Content/EngineMaterials/Substrate/Volume/SubstrateSimpleVolumeLUT3D.uexp" 350
"../../../Engine/Content/EngineMaterials/Substrate/Volume/SubstrateSimpleVolumeEnvLUT3D.uasset" 351
"../../../Engine/Content/EngineMaterials/Substrate/Volume/SubstrateSimpleVolumeEnvLUT3D.uexp" 352
"../../../Engine/Content/EditorMaterials/Dataflow/DataflowTwoSidedVertexMaterial.uasset" 353
"../../../Engine/Content/EditorMaterials/Dataflow/DataflowTwoSidedVertexMaterial.uexp" 354
"../../../Engine/Content/EditorMaterials/Dataflow/DataflowVertexMaterial.uasset" 355
"../../../Engine/Content/EditorMaterials/Dataflow/DataflowVertexMaterial.uexp" 356
"../../../Engine/Content/BasicShapes/BasicShapeMaterial.uasset" 357
"../../../Engine/Content/BasicShapes/BasicShapeMaterial.uexp" 358
"../../../Engine/Content/EditorMaterials/PhAT_NoCollisionMaterial.uasset" 359
"../../../Engine/Content/EditorMaterials/PhAT_NoCollisionMaterial.uexp" 360
"../../../Engine/Content/EditorMaterials/PhAT_UnselectedMaterial.uasset" 361
"../../../Engine/Content/EditorMaterials/PhAT_UnselectedMaterial.uexp" 362
"../../../Engine/Content/EditorMaterials/PreviewShadowIndicator.ubulk" 363
"../../../Engine/Content/EditorMaterials/PreviewShadowIndicator.uasset" 364
"../../../Engine/Content/EditorMaterials/PreviewShadowIndicator.uexp" 365
"../../../Engine/Content/EditorMaterials/PreviewShadowIndicatorMaterial.uasset" 366
"../../../Engine/Content/EditorMaterials/PreviewShadowIndicatorMaterial.uexp" 367
"../../../Engine/Content/EngineDebugMaterials/DebugEditorMaterial.uasset" 368
"../../../Engine/Content/EngineDebugMaterials/DebugEditorMaterial.uexp" 369
"../../../Engine/Content/EngineDebugMaterials/DebugMeshMaterial.uasset" 370
"../../../Engine/Content/EngineDebugMaterials/DebugMeshMaterial.uexp" 371
"../../../Engine/Content/EngineDebugMaterials/M_SimpleUnlitTranslucent.uasset" 372
"../../../Engine/Content/EngineDebugMaterials/M_SimpleUnlitTranslucent.uexp" 373
"../../../Engine/Content/Functions/Engine_MaterialFunctions02/Utility/CameraDirectionVector.uasset" 374
"../../../Engine/Content/Functions/Engine_MaterialFunctions02/Utility/CameraDirectionVector.uexp" 375
"../../../Engine/Content/EngineDebugMaterials/VolumeToRender.uasset" 376
"../../../Engine/Content/EngineDebugMaterials/VolumeToRender.uexp" 377
"../../../Engine/Content/EngineDebugMaterials/M_VolumeRenderSphereTracePP.uasset" 378
"../../../Engine/Content/EngineDebugMaterials/M_VolumeRenderSphereTracePP.uexp" 379
"../../../Engine/Content/EngineMaterials/DefaultDiffuse.ubulk" 380
"../../../Engine/Content/EngineMaterials/DefaultDiffuse.uasset" 381
"../../../Engine/Content/EngineMaterials/DefaultDiffuse.uexp" 382
"../../../Engine/Content/EngineMaterials/DefaultDeferredDecalMaterial.uasset" 383
"../../../Engine/Content/EngineMaterials/DefaultDeferredDecalMaterial.uexp" 384
"../../../Engine/Content/EngineMaterials/DefaultLightFunctionMaterial.uasset" 385
"../../../Engine/Content/EngineMaterials/DefaultLightFunctionMaterial.uexp" 386
"../../../Engine/Content/EngineMaterials/DefaultPostProcessMaterial.uasset" 387
"../../../Engine/Content/EngineMaterials/DefaultPostProcessMaterial.uexp" 388
"../../../Engine/Content/EngineFonts/RobotoDistanceField.uasset" 389
"../../../Engine/Content/EngineFonts/RobotoDistanceField.uexp" 390
"../../../Engine/Content/EngineMaterials/DefaultTextMaterialOpaque.uasset" 391
"../../../Engine/Content/EngineMaterials/DefaultTextMaterialOpaque.uexp" 392
"../../../Engine/Content/EngineMaterials/DefaultWhiteGrid_Low.uasset" 393
"../../../Engine/Content/EngineMaterials/DefaultWhiteGrid_Low.uexp" 394
"../../../Engine/Content/EngineMaterials/EmissiveMeshMaterial.uasset" 395
"../../../Engine/Content/EngineMaterials/EmissiveMeshMaterial.uexp" 396
"../../../Engine/Content/EngineMaterials/BaseFlattenNormalMap.uasset" 397
"../../../Engine/Content/EngineMaterials/BaseFlattenNormalMap.uexp" 398
"../../../Engine/Content/EngineMaterials/BaseFlattenGrayscaleMap.uasset" 399
"../../../Engine/Content/EngineMaterials/BaseFlattenGrayscaleMap.uexp" 400
"../../../Engine/Content/EngineMaterials/BaseFlattenDiffuseMap.uasset" 401
"../../../Engine/Content/EngineMaterials/BaseFlattenDiffuseMap.uexp" 402
"../../../Engine/Content/Functions/Engine_MaterialFunctions02/PivotPainter2/Black_1x1_EXR_Texture.uasset" 403
"../../../Engine/Content/Functions/Engine_MaterialFunctions02/PivotPainter2/Black_1x1_EXR_Texture.uexp" 404
"../../../Engine/Content/EngineMaterials/BaseFlattenEmissiveMap.uasset" 405
"../../../Engine/Content/EngineMaterials/BaseFlattenEmissiveMap.uexp" 406
"../../../Engine/Content/EngineMaterials/BaseFlattenLinearColor.uasset" 407
"../../../Engine/Content/EngineMaterials/BaseFlattenLinearColor.uexp" 408
"../../../Engine/Content/EngineMaterials/FlattenMaterial.uasset" 409
"../../../Engine/Content/EngineMaterials/FlattenMaterial.uexp" 410
"../../../Engine/Content/EngineMaterials/BaseFlattenEmissiveMap_VT.uasset" 411
"../../../Engine/Content/EngineMaterials/BaseFlattenEmissiveMap_VT.uexp" 412
"../../../Engine/Content/EngineMaterials/BaseFlattenGrayscaleMap_VT.uasset" 413
"../../../Engine/Content/EngineMaterials/BaseFlattenGrayscaleMap_VT.uexp" 414
"../../../Engine/Content/EngineMaterials/BaseFlattenLinearColor_VT.uasset" 415
"../../../Engine/Content/EngineMaterials/BaseFlattenLinearColor_VT.uexp" 416
"../../../Engine/Content/EngineMaterials/Black_1x1_EXR_Texture_VT.uasset" 417
"../../../Engine/Content/EngineMaterials/Black_1x1_EXR_Texture_VT.uexp" 418
"../../../Engine/Content/EngineMaterials/BaseFlattenDiffuseMap_VT.uasset" 419
"../../../Engine/Content/EngineMaterials/BaseFlattenDiffuseMap_VT.uexp" 420
"../../../Engine/Content/EngineMaterials/BaseFlattenNormalMap_VT.uasset" 421
"../../../Engine/Content/EngineMaterials/BaseFlattenNormalMap_VT.uexp" 422
"../../../Engine/Content/EngineMaterials/FlattenMaterial_VT.uasset" 423
"../../../Engine/Content/EngineMaterials/FlattenMaterial_VT.uexp" 424
"../../../Engine/Content/EngineMaterials/FlattenMaterial_WS_Normal_VT.uasset" 425
"../../../Engine/Content/EngineMaterials/FlattenMaterial_WS_Normal_VT.uexp" 426
"../../../Engine/Content/EngineMaterials/GizmoMaterial.uasset" 427
"../../../Engine/Content/EngineMaterials/GizmoMaterial.uexp" 428
"../../../Engine/Content/EngineMaterials/InvalidLightmapSettings.ubulk" 429
"../../../Engine/Content/EngineMaterials/InvalidLightmapSettings.uasset" 430
"../../../Engine/Content/EngineMaterials/InvalidLightmapSettings.uexp" 431
"../../../Engine/Content/EngineMaterials/M_InvalidLightmapSettings.uasset" 432
"../../../Engine/Content/EngineMaterials/M_InvalidLightmapSettings.uexp" 433
"../../../Engine/Content/EngineMaterials/NaniteHiddenSectionMaterial.uasset" 434
"../../../Engine/Content/EngineMaterials/NaniteHiddenSectionMaterial.uexp" 435
"../../../Engine/Content/Functions/Engine_MaterialFunctions02/WorldPositionOffset/CameraOffset.uasset" 436
"../../../Engine/Content/Functions/Engine_MaterialFunctions02/WorldPositionOffset/CameraOffset.uexp" 437
"../../../Engine/Content/EngineMaterials/PhAT_JointLimitMaterial.uasset" 438
"../../../Engine/Content/EngineMaterials/PhAT_JointLimitMaterial.uexp" 439
"../../../Engine/Content/EngineMaterials/DefaultCalibrationColor.uasset" 440
"../../../Engine/Content/EngineMaterials/DefaultCalibrationColor.uexp" 441
"../../../Engine/Content/EngineMaterials/PPM_DefaultCalibrationColor.uasset" 442
"../../../Engine/Content/EngineMaterials/PPM_DefaultCalibrationColor.uexp" 443
"../../../Engine/Content/EngineMaterials/DefaultCalibrationGrayscale.uasset" 444
"../../../Engine/Content/EngineMaterials/DefaultCalibrationGrayscale.uexp" 445
"../../../Engine/Content/EngineMaterials/PPM_DefaultCalibrationGrayscale.uasset" 446
"../../../Engine/Content/EngineMaterials/PPM_DefaultCalibrationGrayscale.uexp" 447
"../../../Engine/Content/EngineMaterials/RemoveSurfaceMaterial.uasset" 448
"../../../Engine/Content/EngineMaterials/RemoveSurfaceMaterial.uexp" 449
"../../../Engine/Plugins/Animation/ControlRig/Content/Controls/ControlRigGizmoMaterial.uasset" 450
"../../../Engine/Plugins/Animation/ControlRig/Content/Controls/ControlRigGizmoMaterial.uexp" 451
"../../../Engine/Plugins/Animation/ControlRig/Content/Controls/ControlRigXRayMaterial.uasset" 452
"../../../Engine/Plugins/Animation/ControlRig/Content/Controls/ControlRigXRayMaterial.uexp" 453
"../../../Engine/Plugins/Editor/SpeedTreeImporter/Content/SpeedTree9/game_wind_noise.ubulk" 454
"../../../Engine/Plugins/Editor/SpeedTreeImporter/Content/SpeedTree9/game_wind_noise.uasset" 455
"../../../Engine/Plugins/Editor/SpeedTreeImporter/Content/SpeedTree9/game_wind_noise.uexp" 456
"../../../Engine/Plugins/Editor/SpeedTreeImporter/Content/SpeedTree9/UnpackDirection.uasset" 457
"../../../Engine/Plugins/Editor/SpeedTreeImporter/Content/SpeedTree9/UnpackDirection.uexp" 458
"../../../Engine/Content/Functions/Engine_MaterialFunctions02/ObjectLocalBounds.uasset" 459
"../../../Engine/Content/Functions/Engine_MaterialFunctions02/ObjectLocalBounds.uexp" 460
"../../../Engine/Content/Functions/Engine_MaterialFunctions02/Utility/BreakOutFloat3Components.uasset" 461
"../../../Engine/Content/Functions/Engine_MaterialFunctions02/Utility/BreakOutFloat3Components.uexp" 462
"../../../Engine/Content/Functions/Engine_MaterialFunctions02/UVs/BoundingBoxBased_0-1_UVW.uasset" 463
"../../../Engine/Content/Functions/Engine_MaterialFunctions02/UVs/BoundingBoxBased_0-1_UVW.uexp" 464
"../../../Engine/Plugins/Editor/SpeedTreeImporter/Content/SpeedTree9/SpeedTreeBillboard.uasset" 465
"../../../Engine/Plugins/Editor/SpeedTreeImporter/Content/SpeedTree9/SpeedTreeBillboard.uexp" 466
"../../../Engine/Content/Functions/Engine_MaterialFunctions02/Utility/VectorLength.uasset" 467
"../../../Engine/Content/Functions/Engine_MaterialFunctions02/Utility/VectorLength.uexp" 468
"../../../Engine/Plugins/Editor/SpeedTreeImporter/Content/SpeedTree9/UnpackInteger3.uasset" 469
"../../../Engine/Plugins/Editor/SpeedTreeImporter/Content/SpeedTree9/UnpackInteger3.uexp" 470
"../../../Engine/Content/Functions/Engine_MaterialFunctions02/WorldPositionOffset/ObjectScale.uasset" 471
"../../../Engine/Content/Functions/Engine_MaterialFunctions02/WorldPositionOffset/ObjectScale.uexp" 472
"../../../Engine/Content/Functions/Engine_MaterialFunctions02/SafeNormalize.uasset" 473
"../../../Engine/Content/Functions/Engine_MaterialFunctions02/SafeNormalize.uexp" 474
"../../../Engine/Plugins/Editor/SpeedTreeImporter/Content/SpeedTree9/SpeedTreeWindMotion.uasset" 475
"../../../Engine/Plugins/Editor/SpeedTreeImporter/Content/SpeedTree9/SpeedTreeWindMotion.uexp" 476
"../../../Engine/Plugins/Editor/SpeedTreeImporter/Content/SpeedTree9/SpeedTreeBranchMotion.uasset" 477
"../../../Engine/Plugins/Editor/SpeedTreeImporter/Content/SpeedTree9/SpeedTreeBranchMotion.uexp" 478
"../../../Engine/Plugins/Editor/SpeedTreeImporter/Content/SpeedTree9/SpeedTreeWind.uasset" 479
"../../../Engine/Plugins/Editor/SpeedTreeImporter/Content/SpeedTree9/SpeedTreeWind.uexp" 480
"../../../Engine/Plugins/Editor/SpeedTreeImporter/Content/SpeedTree9/EmptyNormal.uasset" 481
"../../../Engine/Plugins/Editor/SpeedTreeImporter/Content/SpeedTree9/EmptyNormal.uexp" 482
"../../../Engine/Plugins/Editor/SpeedTreeImporter/Content/SpeedTree9/Empty.uasset" 483
"../../../Engine/Plugins/Editor/SpeedTreeImporter/Content/SpeedTree9/Empty.uexp" 484
"../../../Engine/Plugins/Editor/SpeedTreeImporter/Content/SpeedTree9/SpeedTreeBillboardMaster.uasset" 485
"../../../Engine/Plugins/Editor/SpeedTreeImporter/Content/SpeedTree9/SpeedTreeBillboardMaster.uexp" 486
"../../../Engine/Plugins/Editor/SpeedTreeImporter/Content/SpeedTree9/SpeedTreeCameraFacing.uasset" 487
"../../../Engine/Plugins/Editor/SpeedTreeImporter/Content/SpeedTree9/SpeedTreeCameraFacing.uexp" 488
"../../../Engine/Plugins/Editor/SpeedTreeImporter/Content/SpeedTree9/SpeedTreeMaster.uasset" 489
"../../../Engine/Plugins/Editor/SpeedTreeImporter/Content/SpeedTree9/SpeedTreeMaster.uexp" 490
"../../../Engine/Plugins/Runtime/HairStrands/Content/Materials/HairCardsDefaultMaterial.uasset" 491
"../../../Engine/Plugins/Runtime/HairStrands/Content/Materials/HairCardsDefaultMaterial.uexp" 492
"../../../Engine/Plugins/Runtime/HairStrands/Content/Materials/HairGroupColors.uasset" 493
"../../../Engine/Plugins/Runtime/HairStrands/Content/Materials/HairGroupColors.uexp" 494
"../../../Engine/Content/Functions/Engine_MaterialFunctions02/Utility/MakeFloat2.uasset" 495
"../../../Engine/Content/Functions/Engine_MaterialFunctions02/Utility/MakeFloat2.uexp" 496
"../../../Engine/Content/Functions/Engine_MaterialFunctions02/Utility/MakeFloat3.uasset" 497
"../../../Engine/Content/Functions/Engine_MaterialFunctions02/Utility/MakeFloat3.uexp" 498
"../../../Engine/Content/EngineMaterials/HairColorMap.uasset" 499
"../../../Engine/Content/EngineMaterials/HairColorMap.uexp" 500
"../../../Engine/Content/EngineMaterials/HairDebugColor.uasset" 501
"../../../Engine/Content/EngineMaterials/HairDebugColor.uexp" 502
"../../../Engine/Plugins/Runtime/HairStrands/Content/Materials/HairDebugMaterial.uasset" 503
"../../../Engine/Plugins/Runtime/HairStrands/Content/Materials/HairDebugMaterial.uexp" 504
"../../../Engine/Plugins/Runtime/HairStrands/Content/Materials/HairDefaultMaterial.uasset" 505
"../../../Engine/Plugins/Runtime/HairStrands/Content/Materials/HairDefaultMaterial.uexp" 506
"../../../Engine/Plugins/Runtime/HairStrands/Content/Materials/HairMeshesDefaultMaterial.uasset" 507
"../../../Engine/Plugins/Runtime/HairStrands/Content/Materials/HairMeshesDefaultMaterial.uexp" 508
"../../../Engine/Plugins/Runtime/MeshModelingToolset/Content/Materials/M_DynamicMeshComponentVtxColor.uasset" 509
"../../../Engine/Plugins/Runtime/MeshModelingToolset/Content/Materials/M_DynamicMeshComponentVtxColor.uexp" 510
"../../../Engine/Plugins/Animation/ControlRig/Content/M_Manip.uasset" 511
"../../../Engine/Plugins/Animation/ControlRig/Content/M_Manip.uexp" 512
"../../../Engine/Content/EngineMeshes/Sphere.ubulk" 513
"../../../Engine/Content/EngineMeshes/Sphere.uasset" 514
"../../../Engine/Content/EngineMeshes/Sphere.uexp" 515
"../../../Engine/Content/EngineMaterials/T_Default_Material_Grid_M.ubulk" 516
"../../../Engine/Content/EngineMaterials/T_Default_Material_Grid_M.uasset" 517
"../../../Engine/Content/EngineMaterials/T_Default_Material_Grid_M.uexp" 518
"../../../Engine/Content/EngineMaterials/T_Default_Material_Grid_N.ubulk" 519
"../../../Engine/Content/EngineMaterials/T_Default_Material_Grid_N.uasset" 520
"../../../Engine/Content/EngineMaterials/T_Default_Material_Grid_N.uexp" 521
"../../../Engine/Content/Functions/Engine_MaterialFunctions01/Opacity/CameraDepthFade.uasset" 522
"../../../Engine/Content/Functions/Engine_MaterialFunctions01/Opacity/CameraDepthFade.uexp" 523
"../../../Engine/Content/EngineMaterials/WorldGridMaterial.uasset" 524
"../../../Engine/Content/EngineMaterials/WorldGridMaterial.uexp" 525
"../../../Engine/Content/ArtTools/RenderToTexture/Meshes/S_1_Unit_Plane.ubulk" 526
"../../../Engine/Content/ArtTools/RenderToTexture/Meshes/S_1_Unit_Plane.uasset" 527
"../../../Engine/Content/ArtTools/RenderToTexture/Meshes/S_1_Unit_Plane.uexp" 528
"../../../Engine/Content/EngineMaterials/Substrate/GLints/AGlintTex2dArray.uasset" 529
"../../../Engine/Content/EngineMaterials/Substrate/GLints/AGlintTex2dArray.uexp" 530
"../../../Engine/Content/EngineMaterials/Substrate/GLints2/AGlintTex2dArray2.uasset" 531
"../../../Engine/Content/EngineMaterials/Substrate/GLints2/AGlintTex2dArray2.uexp" 532
"../../../Engine/Content/EditorMaterials/Camera/CineMat.uasset" 533
"../../../Engine/Content/EditorMaterials/Camera/CineMat.uexp" 534
"../../../Engine/Content/EditorMaterials/Camera/MI_CineMat_Rig.uasset" 535
"../../../Engine/Content/EditorMaterials/Camera/MI_CineMat_Rig.uexp" 536
"../../../Engine/Content/EditorMeshes/Camera/SM_CraneRig_Arm.ubulk" 537
"../../../Engine/Content/EditorMeshes/Camera/SM_CraneRig_Arm.uasset" 538
"../../../Engine/Content/EditorMeshes/Camera/SM_CraneRig_Arm.uexp" 539
"../../../Engine/Content/EditorMeshes/Camera/SM_CraneRig_Base.ubulk" 540
"../../../Engine/Content/EditorMeshes/Camera/SM_CraneRig_Base.uasset" 541
"../../../Engine/Content/EditorMeshes/Camera/SM_CraneRig_Base.uexp" 542
"../../../Engine/Content/EditorMeshes/Camera/SM_CraneRig_Body.ubulk" 543
"../../../Engine/Content/EditorMeshes/Camera/SM_CraneRig_Body.uasset" 544
"../../../Engine/Content/EditorMeshes/Camera/SM_CraneRig_Body.uexp" 545
"../../../Engine/Content/EditorMeshes/Camera/SM_CraneRig_Mount.ubulk" 546
"../../../Engine/Content/EditorMeshes/Camera/SM_CraneRig_Mount.uasset" 547
"../../../Engine/Content/EditorMeshes/Camera/SM_CraneRig_Mount.uexp" 548
"../../../Engine/Content/EditorMeshes/Camera/SM_RailRig_Mount.ubulk" 549
"../../../Engine/Content/EditorMeshes/Camera/SM_RailRig_Mount.uasset" 550
"../../../Engine/Content/EditorMeshes/Camera/SM_RailRig_Mount.uexp" 551
"../../../Engine/Content/EditorMeshes/Camera/SM_RailRig_Track.ubulk" 552
"../../../Engine/Content/EditorMeshes/Camera/SM_RailRig_Track.uasset" 553
"../../../Engine/Content/EditorMeshes/Camera/SM_RailRig_Track.uexp" 554
"../../../Engine/Content/EngineSky/VolumetricClouds/T_CloudMask.ubulk" 555
"../../../Engine/Content/EngineSky/VolumetricClouds/T_CloudMask.uasset" 556
"../../../Engine/Content/EngineSky/VolumetricClouds/T_CloudMask.uexp" 557
"../../../Engine/Content/EngineSky/VolumetricClouds/VT_Lightning.uasset" 558
"../../../Engine/Content/EngineSky/VolumetricClouds/VT_Lightning.uexp" 559
"../../../Engine/Content/EngineSky/VolumetricClouds/T_Profile_08.ubulk" 560
"../../../Engine/Content/EngineSky/VolumetricClouds/T_Profile_08.uasset" 561
"../../../Engine/Content/EngineSky/VolumetricClouds/T_Profile_08.uexp" 562
"../../../Engine/Content/Functions/Engine_MaterialFunctions02/Utility/MakeFloat4.uasset" 563
"../../../Engine/Content/Functions/Engine_MaterialFunctions02/Utility/MakeFloat4.uexp" 564
"../../../Engine/Content/Functions/Engine_MaterialFunctions01/Units/Km-to-Cm.uasset" 565
"../../../Engine/Content/Functions/Engine_MaterialFunctions01/Units/Km-to-Cm.uexp" 566
"../../../Engine/Content/Functions/Engine_MaterialFunctions02/Utility/BreakOutFloat4Components.uasset" 567
"../../../Engine/Content/Functions/Engine_MaterialFunctions02/Utility/BreakOutFloat4Components.uexp" 568
"../../../Engine/Content/EngineSky/VolumetricClouds/T_CloudPattern.ubulk" 569
"../../../Engine/Content/EngineSky/VolumetricClouds/T_CloudPattern.uasset" 570
"../../../Engine/Content/EngineSky/VolumetricClouds/T_CloudPattern.uexp" 571
"../../../Engine/Content/EngineSky/VolumetricClouds/VT_PerlinWorley_Balanced.uasset" 572
"../../../Engine/Content/EngineSky/VolumetricClouds/VT_PerlinWorley_Balanced.uexp" 573
"../../../Engine/Content/EngineSky/VolumetricClouds/m_SimpleVolumetricCloud.uasset" 574
"../../../Engine/Content/EngineSky/VolumetricClouds/m_SimpleVolumetricCloud.uexp" 575
"../../../Engine/Content/EngineSky/VolumetricClouds/m_SimpleVolumetricCloud_Inst.uasset" 576
"../../../Engine/Content/EngineSky/VolumetricClouds/m_SimpleVolumetricCloud_Inst.uexp" 577
"../../../Engine/Content/VREditor/LaserPointer/VR_LaserPower_01.ubulk" 578
"../../../Engine/Content/VREditor/LaserPointer/VR_LaserPower_01.uasset" 579
"../../../Engine/Content/VREditor/LaserPointer/VR_LaserPower_01.uexp" 580
"../../../Engine/Content/VREditor/TransformGizmo/TransformGizmoMaterial.uasset" 581
"../../../Engine/Content/VREditor/TransformGizmo/TransformGizmoMaterial.uexp" 582
"../../../Engine/Content/VREditor/TransformGizmo/TranslucentTransformGizmoMaterial.uasset" 583
"../../../Engine/Content/VREditor/TransformGizmo/TranslucentTransformGizmoMaterial.uexp" 584
"../../../Engine/Content/VREditor/TransformGizmo/BoundingBoxCorner.ubulk" 585
"../../../Engine/Content/VREditor/TransformGizmo/BoundingBoxCorner.uasset" 586
"../../../Engine/Content/VREditor/TransformGizmo/BoundingBoxCorner.uexp" 587
"../../../Engine/Content/VREditor/TransformGizmo/BoundingBoxEdge.ubulk" 588
"../../../Engine/Content/VREditor/TransformGizmo/BoundingBoxEdge.uasset" 589
"../../../Engine/Content/VREditor/TransformGizmo/BoundingBoxEdge.uexp" 590
"../../../Engine/Content/VREditor/TransformGizmo/Main.uasset" 591
"../../../Engine/Content/VREditor/TransformGizmo/Main.uexp" 592
"../../../Engine/Content/VREditor/TransformGizmo/Xray.uasset" 593
"../../../Engine/Content/VREditor/TransformGizmo/Xray.uexp" 594
"../../../Engine/Content/VREditor/TransformGizmo/SM_Sequencer_Node.ubulk" 595
"../../../Engine/Content/VREditor/TransformGizmo/SM_Sequencer_Node.uasset" 596
"../../../Engine/Content/VREditor/TransformGizmo/SM_Sequencer_Node.uexp" 597
"../../../Engine/Content/Functions/Engine_MaterialFunctions02/Math/Transform3x3Matrix.uasset" 598
"../../../Engine/Content/Functions/Engine_MaterialFunctions02/Math/Transform3x3Matrix.uexp" 599
"../../../Engine/Plugins/Interchange/Assets/Content/gltf/Textures/T_White_srgb.uasset" 600
"../../../Engine/Plugins/Interchange/Assets/Content/gltf/Textures/T_White_srgb.uexp" 601
"../../../Engine/Plugins/Interchange/Assets/Content/gltf/MaterialFunctions/MF_Specular.uasset" 602
"../../../Engine/Plugins/Interchange/Assets/Content/gltf/MaterialFunctions/MF_Specular.uexp" 603
"../../../Engine/Plugins/Interchange/Assets/Content/gltf/Textures/T_Anisotropy_Direction_Linear.uasset" 604
"../../../Engine/Plugins/Interchange/Assets/Content/gltf/Textures/T_Anisotropy_Direction_Linear.uexp" 605
"../../../Engine/Plugins/Interchange/Assets/Content/gltf/MaterialFunctions/MF_SpecularAnisotropy.uasset" 606
"../../../Engine/Plugins/Interchange/Assets/Content/gltf/MaterialFunctions/MF_SpecularAnisotropy.uexp" 607
"../../../Engine/Plugins/Interchange/Assets/Content/gltf/Textures/T_White_Linear.uasset" 608
"../../../Engine/Plugins/Interchange/Assets/Content/gltf/Textures/T_White_Linear.uexp" 609
"../../../Engine/Plugins/Interchange/Assets/Content/gltf/MaterialFunctions/MF_MetallicRoughness.uasset" 610
"../../../Engine/Plugins/Interchange/Assets/Content/gltf/MaterialFunctions/MF_MetallicRoughness.uexp" 611
"../../../Engine/Plugins/Interchange/Assets/Content/gltf/Textures/T_Generic_N.uasset" 612
"../../../Engine/Plugins/Interchange/Assets/Content/gltf/Textures/T_Generic_N.uexp" 613
"../../../Engine/Plugins/Interchange/Assets/Content/gltf/MaterialFunctions/MF_ScaleNormal.uasset" 614
"../../../Engine/Plugins/Interchange/Assets/Content/gltf/MaterialFunctions/MF_ScaleNormal.uexp" 615
"../../../Engine/Plugins/Interchange/Assets/Content/gltf/MaterialFunctions/MF_BaseColor.uasset" 616
"../../../Engine/Plugins/Interchange/Assets/Content/gltf/MaterialFunctions/MF_BaseColor.uexp" 617
"../../../Engine/Plugins/Interchange/Assets/Content/gltf/MaterialFunctions/MF_Iridescence.uasset" 618
"../../../Engine/Plugins/Interchange/Assets/Content/gltf/MaterialFunctions/MF_Iridescence.uexp" 619
"../../../Engine/Plugins/Interchange/Assets/Content/gltf/MaterialFunctions/MF_Occlusion.uasset" 620
"../../../Engine/Plugins/Interchange/Assets/Content/gltf/MaterialFunctions/MF_Occlusion.uexp" 621
"../../../Engine/Plugins/Interchange/Assets/Content/gltf/MaterialFunctions/MF_IOR.uasset" 622
"../../../Engine/Plugins/Interchange/Assets/Content/gltf/MaterialFunctions/MF_IOR.uexp" 623
"../../../Engine/Plugins/Interchange/Assets/Content/gltf/MaterialFunctions/MF_RotateV2.uasset" 624
"../../../Engine/Plugins/Interchange/Assets/Content/gltf/MaterialFunctions/MF_RotateV2.uexp" 625
"../../../Engine/Plugins/Interchange/Assets/Content/gltf/MaterialFunctions/MF_TransformUVs.uasset" 626
"../../../Engine/Plugins/Interchange/Assets/Content/gltf/MaterialFunctions/MF_TransformUVs.uexp" 627
"../../../Engine/Plugins/Interchange/Assets/Content/gltf/MaterialFunctions/MF_Emissive.uasset" 628
"../../../Engine/Plugins/Interchange/Assets/Content/gltf/MaterialFunctions/MF_Emissive.uexp" 629
"../../../Engine/Plugins/Interchange/Assets/Content/gltf/MaterialFunctions/MF_RotateNormals_TS.uasset" 630
"../../../Engine/Plugins/Interchange/Assets/Content/gltf/MaterialFunctions/MF_RotateNormals_TS.uexp" 631
"../../../Engine/Plugins/Interchange/Assets/Content/gltf/MaterialFunctions/MF_Normals.uasset" 632
"../../../Engine/Plugins/Interchange/Assets/Content/gltf/MaterialFunctions/MF_Normals.uexp" 633
"../../../Engine/Content/Functions/Engine_MaterialFunctions01/Texturing/FlattenNormal.uasset" 634
"../../../Engine/Content/Functions/Engine_MaterialFunctions01/Texturing/FlattenNormal.uexp" 635
"../../../Engine/Plugins/Interchange/Assets/Content/gltf/MaterialFunctions/MF_Clearcoat.uasset" 636
"../../../Engine/Plugins/Interchange/Assets/Content/gltf/MaterialFunctions/MF_Clearcoat.uexp" 637
"../../../Engine/Plugins/Interchange/Assets/Content/gltf/MaterialBodies/MF_ClearCoat_Body.uasset" 638
"../../../Engine/Plugins/Interchange/Assets/Content/gltf/MaterialBodies/MF_ClearCoat_Body.uexp" 639
"../../../Engine/Plugins/Interchange/Assets/Content/gltf/M_ClearCoat.uasset" 640
"../../../Engine/Plugins/Interchange/Assets/Content/gltf/M_ClearCoat.uexp" 641
"../../../Engine/Plugins/Interchange/Assets/Content/gltf/MaterialInstances/MI_ClearCoat_Blend.uasset" 642
"../../../Engine/Plugins/Interchange/Assets/Content/gltf/MaterialInstances/MI_ClearCoat_Blend.uexp" 643
"../../../Engine/Plugins/Interchange/Assets/Content/gltf/MaterialInstances/MI_ClearCoat_Blend_DS.uasset" 644
"../../../Engine/Plugins/Interchange/Assets/Content/gltf/MaterialInstances/MI_ClearCoat_Blend_DS.uexp" 645
"../../../Engine/Plugins/Interchange/Assets/Content/gltf/MaterialInstances/MI_ClearCoat_Mask.uasset" 646
"../../../Engine/Plugins/Interchange/Assets/Content/gltf/MaterialInstances/MI_ClearCoat_Mask.uexp" 647
"../../../Engine/Plugins/Interchange/Assets/Content/gltf/MaterialInstances/MI_ClearCoat_Mask_DS.uasset" 648
"../../../Engine/Plugins/Interchange/Assets/Content/gltf/MaterialInstances/MI_ClearCoat_Mask_DS.uexp" 649
"../../../Engine/Plugins/Interchange/Assets/Content/gltf/MaterialInstances/MI_ClearCoat_Opaque.uasset" 650
"../../../Engine/Plugins/Interchange/Assets/Content/gltf/MaterialInstances/MI_ClearCoat_Opaque.uexp" 651
"../../../Engine/Plugins/Interchange/Assets/Content/gltf/MaterialInstances/MI_ClearCoat_Opaque_DS.uasset" 652
"../../../Engine/Plugins/Interchange/Assets/Content/gltf/MaterialInstances/MI_ClearCoat_Opaque_DS.uexp" 653
"../../../Engine/Plugins/Interchange/Assets/Content/gltf/MaterialBodies/MF_Default_Body.uasset" 654
"../../../Engine/Plugins/Interchange/Assets/Content/gltf/MaterialBodies/MF_Default_Body.uexp" 655
"../../../Engine/Plugins/Interchange/Assets/Content/gltf/M_Default.uasset" 656
"../../../Engine/Plugins/Interchange/Assets/Content/gltf/M_Default.uexp" 657
"../../../Engine/Plugins/Interchange/Assets/Content/gltf/MaterialInstances/MI_Default_Blend.uasset" 658
"../../../Engine/Plugins/Interchange/Assets/Content/gltf/MaterialInstances/MI_Default_Blend.uexp" 659
"../../../Engine/Plugins/Interchange/Assets/Content/gltf/MaterialInstances/MI_Default_Blend_DS.uasset" 660
"../../../Engine/Plugins/Interchange/Assets/Content/gltf/MaterialInstances/MI_Default_Blend_DS.uexp" 661
"../../../Engine/Plugins/Interchange/Assets/Content/gltf/MaterialInstances/MI_Default_Mask.uasset" 662
"../../../Engine/Plugins/Interchange/Assets/Content/gltf/MaterialInstances/MI_Default_Mask.uexp" 663
"../../../Engine/Plugins/Interchange/Assets/Content/gltf/MaterialInstances/MI_Default_Mask_DS.uasset" 664
"../../../Engine/Plugins/Interchange/Assets/Content/gltf/MaterialInstances/MI_Default_Mask_DS.uexp" 665
"../../../Engine/Plugins/Interchange/Assets/Content/gltf/MaterialInstances/MI_Default_Opaque.uasset" 666
"../../../Engine/Plugins/Interchange/Assets/Content/gltf/MaterialInstances/MI_Default_Opaque.uexp" 667
"../../../Engine/Plugins/Interchange/Assets/Content/gltf/MaterialInstances/MI_Default_Opaque_DS.uasset" 668
"../../../Engine/Plugins/Interchange/Assets/Content/gltf/MaterialInstances/MI_Default_Opaque_DS.uexp" 669
"../../../Engine/Plugins/Interchange/Assets/Content/gltf/MaterialFunctions/MF_Sheen.uasset" 670
"../../../Engine/Plugins/Interchange/Assets/Content/gltf/MaterialFunctions/MF_Sheen.uexp" 671
"../../../Engine/Plugins/Interchange/Assets/Content/gltf/MaterialBodies/MF_Sheen_Body.uasset" 672
"../../../Engine/Plugins/Interchange/Assets/Content/gltf/MaterialBodies/MF_Sheen_Body.uexp" 673
"../../../Engine/Plugins/Interchange/Assets/Content/gltf/M_Sheen.uasset" 674
"../../../Engine/Plugins/Interchange/Assets/Content/gltf/M_Sheen.uexp" 675
"../../../Engine/Plugins/Interchange/Assets/Content/gltf/MaterialInstances/MI_Sheen_Blend.uasset" 676
"../../../Engine/Plugins/Interchange/Assets/Content/gltf/MaterialInstances/MI_Sheen_Blend.uexp" 677
"../../../Engine/Plugins/Interchange/Assets/Content/gltf/MaterialInstances/MI_Sheen_Blend_DS.uasset" 678
"../../../Engine/Plugins/Interchange/Assets/Content/gltf/MaterialInstances/MI_Sheen_Blend_DS.uexp" 679
"../../../Engine/Plugins/Interchange/Assets/Content/gltf/MaterialInstances/MI_Sheen_Mask.uasset" 680
"../../../Engine/Plugins/Interchange/Assets/Content/gltf/MaterialInstances/MI_Sheen_Mask.uexp" 681
"../../../Engine/Plugins/Interchange/Assets/Content/gltf/MaterialInstances/MI_Sheen_Mask_DS.uasset" 682
"../../../Engine/Plugins/Interchange/Assets/Content/gltf/MaterialInstances/MI_Sheen_Mask_DS.uexp" 683
"../../../Engine/Plugins/Interchange/Assets/Content/gltf/MaterialInstances/MI_Sheen_Opaque.uasset" 684
"../../../Engine/Plugins/Interchange/Assets/Content/gltf/MaterialInstances/MI_Sheen_Opaque.uexp" 685
"../../../Engine/Plugins/Interchange/Assets/Content/gltf/MaterialInstances/MI_Sheen_Opaque_DS.uasset" 686
"../../../Engine/Plugins/Interchange/Assets/Content/gltf/MaterialInstances/MI_Sheen_Opaque_DS.uexp" 687
"../../../Engine/Content/Functions/Engine_MaterialFunctions02/Math/AddComponents.uasset" 688
"../../../Engine/Content/Functions/Engine_MaterialFunctions02/Math/AddComponents.uexp" 689
"../../../Engine/Plugins/Interchange/Assets/Content/gltf/MaterialFunctions/MF_DiffuseSpecGloss.uasset" 690
"../../../Engine/Plugins/Interchange/Assets/Content/gltf/MaterialFunctions/MF_DiffuseSpecGloss.uexp" 691
"../../../Engine/Plugins/Interchange/Assets/Content/gltf/MaterialFunctions/MF_PerceivedBrightness.uasset" 692
"../../../Engine/Plugins/Interchange/Assets/Content/gltf/MaterialFunctions/MF_PerceivedBrightness.uexp" 693
"../../../Engine/Plugins/Interchange/Assets/Content/gltf/MaterialFunctions/MF_SpecGlossToMetalRoughness.uasset" 694
"../../../Engine/Plugins/Interchange/Assets/Content/gltf/MaterialFunctions/MF_SpecGlossToMetalRoughness.uexp" 695
"../../../Engine/Plugins/Interchange/Assets/Content/gltf/MaterialFunctions/MF_MaxComponentValue.uasset" 696
"../../../Engine/Plugins/Interchange/Assets/Content/gltf/MaterialFunctions/MF_MaxComponentValue.uexp" 697
"../../../Engine/Plugins/Interchange/Assets/Content/gltf/MaterialBodies/MF_SpecularGlossiness_Body.uasset" 698
"../../../Engine/Plugins/Interchange/Assets/Content/gltf/MaterialBodies/MF_SpecularGlossiness_Body.uexp" 699
"../../../Engine/Plugins/Interchange/Assets/Content/gltf/M_SpecularGlossiness.uasset" 700
"../../../Engine/Plugins/Interchange/Assets/Content/gltf/M_SpecularGlossiness.uexp" 701
"../../../Engine/Plugins/Interchange/Assets/Content/gltf/MaterialInstances/MI_SpecularGlossiness_Blend_DS.uasset" 702
"../../../Engine/Plugins/Interchange/Assets/Content/gltf/MaterialInstances/MI_SpecularGlossiness_Blend_DS.uexp" 703
"../../../Engine/Plugins/Interchange/Assets/Content/gltf/MaterialInstances/MI_SpecularGlossiness_Mask.uasset" 704
"../../../Engine/Plugins/Interchange/Assets/Content/gltf/MaterialInstances/MI_SpecularGlossiness_Mask.uexp" 705
"../../../Engine/Plugins/Interchange/Assets/Content/gltf/MaterialInstances/MI_SpecularGlossiness_Mask_DS.uasset" 706
"../../../Engine/Plugins/Interchange/Assets/Content/gltf/MaterialInstances/MI_SpecularGlossiness_Mask_DS.uexp" 707
"../../../Engine/Plugins/Interchange/Assets/Content/gltf/MaterialInstances/MI_SpecularGlossiness_Opaque.uasset" 708
"../../../Engine/Plugins/Interchange/Assets/Content/gltf/MaterialInstances/MI_SpecularGlossiness_Opaque.uexp" 709
"../../../Engine/Plugins/Interchange/Assets/Content/gltf/MaterialInstances/MI_SpecularGlossiness_Opaque_DS.uasset" 710
"../../../Engine/Plugins/Interchange/Assets/Content/gltf/MaterialInstances/MI_SpecularGlossiness_Opaque_DS.uexp" 711
"../../../Engine/Content/EngineMaterials/Good64x64TilingNoiseHighFreq.uasset" 712
"../../../Engine/Content/EngineMaterials/Good64x64TilingNoiseHighFreq.uexp" 713
"../../../Engine/Content/Functions/Engine_MaterialFunctions02/Texturing/ScreenAlignedPixelToPixelUVs.uasset" 714
"../../../Engine/Content/Functions/Engine_MaterialFunctions02/Texturing/ScreenAlignedPixelToPixelUVs.uexp" 715
"../../../Engine/Plugins/Interchange/Assets/Content/gltf/MaterialFunctions/MF_Temporal_Blur.uasset" 716
"../../../Engine/Plugins/Interchange/Assets/Content/gltf/MaterialFunctions/MF_Temporal_Blur.uexp" 717
"../../../Engine/Plugins/Interchange/Assets/Content/gltf/MaterialFunctions/MF_Fresnel_DS.uasset" 718
"../../../Engine/Plugins/Interchange/Assets/Content/gltf/MaterialFunctions/MF_Fresnel_DS.uexp" 719
"../../../Engine/Plugins/Interchange/Assets/Content/gltf/MaterialFunctions/MF_Transmission.uasset" 720
"../../../Engine/Plugins/Interchange/Assets/Content/gltf/MaterialFunctions/MF_Transmission.uexp" 721
"../../../Engine/Plugins/Interchange/Assets/Content/gltf/MaterialBodies/MF_Transmission_Body.uasset" 722
"../../../Engine/Plugins/Interchange/Assets/Content/gltf/MaterialBodies/MF_Transmission_Body.uexp" 723
"../../../Engine/Plugins/Interchange/Assets/Content/gltf/M_Transmission.uasset" 724
"../../../Engine/Plugins/Interchange/Assets/Content/gltf/M_Transmission.uexp" 725
"../../../Engine/Plugins/Interchange/Assets/Content/gltf/MaterialInstances/MI_Transmission.uasset" 726
"../../../Engine/Plugins/Interchange/Assets/Content/gltf/MaterialInstances/MI_Transmission.uexp" 727
"../../../Engine/Plugins/Interchange/Assets/Content/gltf/MaterialInstances/MI_Transmission_DS.uasset" 728
"../../../Engine/Plugins/Interchange/Assets/Content/gltf/MaterialInstances/MI_Transmission_DS.uexp" 729
"../../../Engine/Plugins/Interchange/Assets/Content/gltf/MaterialBodies/MF_Unlit_Body.uasset" 730
"../../../Engine/Plugins/Interchange/Assets/Content/gltf/MaterialBodies/MF_Unlit_Body.uexp" 731
"../../../Engine/Plugins/Interchange/Assets/Content/gltf/M_Unlit.uasset" 732
"../../../Engine/Plugins/Interchange/Assets/Content/gltf/M_Unlit.uexp" 733
"../../../Engine/Plugins/Interchange/Assets/Content/gltf/MaterialInstances/MI_Unlit_Blend.uasset" 734
"../../../Engine/Plugins/Interchange/Assets/Content/gltf/MaterialInstances/MI_Unlit_Blend.uexp" 735
"../../../Engine/Plugins/Interchange/Assets/Content/gltf/MaterialInstances/MI_Unlit_Blend_DS.uasset" 736
"../../../Engine/Plugins/Interchange/Assets/Content/gltf/MaterialInstances/MI_Unlit_Blend_DS.uexp" 737
"../../../Engine/Plugins/Interchange/Assets/Content/gltf/MaterialInstances/MI_Unlit_Mask.uasset" 738
"../../../Engine/Plugins/Interchange/Assets/Content/gltf/MaterialInstances/MI_Unlit_Mask.uexp" 739
"../../../Engine/Plugins/Interchange/Assets/Content/gltf/MaterialInstances/MI_Unlit_Mask_DS.uasset" 740
"../../../Engine/Plugins/Interchange/Assets/Content/gltf/MaterialInstances/MI_Unlit_Mask_DS.uexp" 741
"../../../Engine/Plugins/Interchange/Assets/Content/gltf/MaterialInstances/MI_Unlit_Opaque.uasset" 742
"../../../Engine/Plugins/Interchange/Assets/Content/gltf/MaterialInstances/MI_Unlit_Opaque.uexp" 743
"../../../Engine/Plugins/Interchange/Assets/Content/gltf/MaterialInstances/MI_Unlit_Opaque_DS.uasset" 744
"../../../Engine/Plugins/Interchange/Assets/Content/gltf/MaterialInstances/MI_Unlit_Opaque_DS.uexp" 745
"../../../Engine/Content/EngineMaterials/DefaultMaterial.uasset" 746
"../../../Engine/Content/EngineMaterials/DefaultMaterial.uexp" 747
"../../../Engine/Content/BasicShapes/Cone.ubulk" 748
"../../../Engine/Content/BasicShapes/Cone.uasset" 749
"../../../Engine/Content/BasicShapes/Cone.uexp" 750
"../../../Engine/Content/BasicShapes/Cube.ubulk" 751
"../../../Engine/Content/BasicShapes/Cube.uasset" 752
"../../../Engine/Content/BasicShapes/Cube.uexp" 753
"../../../Engine/Content/BasicShapes/Cylinder.ubulk" 754
"../../../Engine/Content/BasicShapes/Cylinder.uasset" 755
"../../../Engine/Content/BasicShapes/Cylinder.uexp" 756
"../../../Engine/Content/BasicShapes/Plane.ubulk" 757
"../../../Engine/Content/BasicShapes/Plane.uasset" 758
"../../../Engine/Content/BasicShapes/Plane.uexp" 759
"../../../Engine/Content/BasicShapes/Sphere.ubulk" 760
"../../../Engine/Content/BasicShapes/Sphere.uasset" 761
"../../../Engine/Content/BasicShapes/Sphere.uexp" 762
"../../../Engine/Content/EditorLandscapeResources/SplineEditorMeshMat.uasset" 763
"../../../Engine/Content/EditorLandscapeResources/SplineEditorMeshMat.uexp" 764
"../../../Engine/Content/EditorLandscapeResources/SplineEditorMesh.ubulk" 765
"../../../Engine/Content/EditorLandscapeResources/SplineEditorMesh.uasset" 766
"../../../Engine/Content/EditorLandscapeResources/SplineEditorMesh.uexp" 767
"../../../Engine/Content/EngineMaterials/WeightMapPlaceholderTexture.uasset" 768
"../../../Engine/Content/EngineMaterials/WeightMapPlaceholderTexture.uexp" 769
"../../../Engine/Content/EngineMaterials/WeightMapArrayPlaceholderTexture.uasset" 770
"../../../Engine/Content/EngineMaterials/WeightMapArrayPlaceholderTexture.uexp" 771
"../../../Engine/Content/EngineResources/WhiteSquareTexture.uasset" 772
"../../../Engine/Content/EngineResources/WhiteSquareTexture.uexp" 773
"../../../Engine/Content/EngineMaterials/Widget3DPassThrough.uasset" 774
"../../../Engine/Content/EngineMaterials/Widget3DPassThrough.uexp" 775
"../../../Engine/Content/EngineMaterials/Widget3DPassThrough_Masked.uasset" 776
"../../../Engine/Content/EngineMaterials/Widget3DPassThrough_Masked.uexp" 777
"../../../Engine/Content/EngineMaterials/Widget3DPassThrough_Opaque.uasset" 778
"../../../Engine/Content/EngineMaterials/Widget3DPassThrough_Opaque.uexp" 779
"../../../Engine/Content/EngineMaterials/Widget3DPassThrough_Masked_OneSided.uasset" 780
"../../../Engine/Content/EngineMaterials/Widget3DPassThrough_Masked_OneSided.uexp" 781
"../../../Engine/Content/EngineMaterials/Widget3DPassThrough_Opaque_OneSided.uasset" 782
"../../../Engine/Content/EngineMaterials/Widget3DPassThrough_Opaque_OneSided.uexp" 783
"../../../Engine/Content/EngineMaterials/Widget3DPassThrough_Translucent.uasset" 784
"../../../Engine/Content/EngineMaterials/Widget3DPassThrough_Translucent.uexp" 785
"../../../Engine/Content/EngineMaterials/Widget3DPassThrough_Translucent_OneSided.uasset" 786
"../../../Engine/Content/EngineMaterials/Widget3DPassThrough_Translucent_OneSided.uexp" 787
"../../../Engine/Plugins/Animation/ControlRig/Content/Controls/ControlRig_Arrow2_1mm.ubulk" 788
"../../../Engine/Plugins/Animation/ControlRig/Content/Controls/ControlRig_Arrow2_1mm.uasset" 789
"../../../Engine/Plugins/Animation/ControlRig/Content/Controls/ControlRig_Arrow2_1mm.uexp" 790
"../../../Engine/Plugins/Animation/ControlRig/Content/Controls/ControlRig_Arrow2_3mm.ubulk" 791
"../../../Engine/Plugins/Animation/ControlRig/Content/Controls/ControlRig_Arrow2_3mm.uasset" 792
"../../../Engine/Plugins/Animation/ControlRig/Content/Controls/ControlRig_Arrow2_3mm.uexp" 793
"../../../Engine/Plugins/Animation/ControlRig/Content/Controls/ControlRig_Arrow2_solid.ubulk" 794
"../../../Engine/Plugins/Animation/ControlRig/Content/Controls/ControlRig_Arrow2_solid.uasset" 795
"../../../Engine/Plugins/Animation/ControlRig/Content/Controls/ControlRig_Arrow2_solid.uexp" 796
"../../../Engine/Plugins/Animation/ControlRig/Content/Controls/ControlRig_Arrow4_1mm.ubulk" 797
"../../../Engine/Plugins/Animation/ControlRig/Content/Controls/ControlRig_Arrow4_1mm.uasset" 798
"../../../Engine/Plugins/Animation/ControlRig/Content/Controls/ControlRig_Arrow4_1mm.uexp" 799
"../../../Engine/Plugins/Animation/ControlRig/Content/Controls/ControlRig_Arrow4_3mm.ubulk" 800
"../../../Engine/Plugins/Animation/ControlRig/Content/Controls/ControlRig_Arrow4_3mm.uasset" 801
"../../../Engine/Plugins/Animation/ControlRig/Content/Controls/ControlRig_Arrow4_3mm.uexp" 802
"../../../Engine/Plugins/Animation/ControlRig/Content/Controls/ControlRig_Arrow4_solid.ubulk" 803
"../../../Engine/Plugins/Animation/ControlRig/Content/Controls/ControlRig_Arrow4_solid.uasset" 804
"../../../Engine/Plugins/Animation/ControlRig/Content/Controls/ControlRig_Arrow4_solid.uexp" 805
"../../../Engine/Plugins/Animation/ControlRig/Content/Controls/ControlRig_Arrow_1mm.ubulk" 806
"../../../Engine/Plugins/Animation/ControlRig/Content/Controls/ControlRig_Arrow_1mm.uasset" 807
"../../../Engine/Plugins/Animation/ControlRig/Content/Controls/ControlRig_Arrow_1mm.uexp" 808
"../../../Engine/Plugins/Animation/ControlRig/Content/Controls/ControlRig_Arrow_3mm.ubulk" 809
"../../../Engine/Plugins/Animation/ControlRig/Content/Controls/ControlRig_Arrow_3mm.uasset" 810
"../../../Engine/Plugins/Animation/ControlRig/Content/Controls/ControlRig_Arrow_3mm.uexp" 811
"../../../Engine/Plugins/Animation/ControlRig/Content/Controls/ControlRig_Arrow_solid.ubulk" 812
"../../../Engine/Plugins/Animation/ControlRig/Content/Controls/ControlRig_Arrow_solid.uasset" 813
"../../../Engine/Plugins/Animation/ControlRig/Content/Controls/ControlRig_Arrow_solid.uexp" 814
"../../../Engine/Plugins/Animation/ControlRig/Content/Controls/ControlRig_Box_1mm.ubulk" 815
"../../../Engine/Plugins/Animation/ControlRig/Content/Controls/ControlRig_Box_1mm.uasset" 816
"../../../Engine/Plugins/Animation/ControlRig/Content/Controls/ControlRig_Box_1mm.uexp" 817
"../../../Engine/Plugins/Animation/ControlRig/Content/Controls/ControlRig_Box_3mm.ubulk" 818
"../../../Engine/Plugins/Animation/ControlRig/Content/Controls/ControlRig_Box_3mm.uasset" 819
"../../../Engine/Plugins/Animation/ControlRig/Content/Controls/ControlRig_Box_3mm.uexp" 820
"../../../Engine/Plugins/Animation/ControlRig/Content/Controls/ControlRig_Box_solid.ubulk" 821
"../../../Engine/Plugins/Animation/ControlRig/Content/Controls/ControlRig_Box_solid.uasset" 822
"../../../Engine/Plugins/Animation/ControlRig/Content/Controls/ControlRig_Box_solid.uexp" 823
"../../../Engine/Plugins/Animation/ControlRig/Content/Controls/ControlRig_Circle_1mm.ubulk" 824
"../../../Engine/Plugins/Animation/ControlRig/Content/Controls/ControlRig_Circle_1mm.uasset" 825
"../../../Engine/Plugins/Animation/ControlRig/Content/Controls/ControlRig_Circle_1mm.uexp" 826
"../../../Engine/Plugins/Animation/ControlRig/Content/Controls/ControlRig_Circle_3mm.ubulk" 827
"../../../Engine/Plugins/Animation/ControlRig/Content/Controls/ControlRig_Circle_3mm.uasset" 828
"../../../Engine/Plugins/Animation/ControlRig/Content/Controls/ControlRig_Circle_3mm.uexp" 829
"../../../Engine/Plugins/Animation/ControlRig/Content/Controls/ControlRig_Circle_solid.ubulk" 830
"../../../Engine/Plugins/Animation/ControlRig/Content/Controls/ControlRig_Circle_solid.uasset" 831
"../../../Engine/Plugins/Animation/ControlRig/Content/Controls/ControlRig_Circle_solid.uexp" 832
"../../../Engine/Plugins/Animation/ControlRig/Content/Controls/ControlRig_Diamond_1mm.ubulk" 833
"../../../Engine/Plugins/Animation/ControlRig/Content/Controls/ControlRig_Diamond_1mm.uasset" 834
"../../../Engine/Plugins/Animation/ControlRig/Content/Controls/ControlRig_Diamond_1mm.uexp" 835
"../../../Engine/Plugins/Animation/ControlRig/Content/Controls/ControlRig_Diamond_3mm.ubulk" 836
"../../../Engine/Plugins/Animation/ControlRig/Content/Controls/ControlRig_Diamond_3mm.uasset" 837
"../../../Engine/Plugins/Animation/ControlRig/Content/Controls/ControlRig_Diamond_3mm.uexp" 838
"../../../Engine/Plugins/Animation/ControlRig/Content/Controls/ControlRig_Diamond_solid.ubulk" 839
"../../../Engine/Plugins/Animation/ControlRig/Content/Controls/ControlRig_Diamond_solid.uasset" 840
"../../../Engine/Plugins/Animation/ControlRig/Content/Controls/ControlRig_Diamond_solid.uexp" 841
"../../../Engine/Plugins/Animation/ControlRig/Content/Controls/ControlRig_HalfCircle_1mm.ubulk" 842
"../../../Engine/Plugins/Animation/ControlRig/Content/Controls/ControlRig_HalfCircle_1mm.uasset" 843
"../../../Engine/Plugins/Animation/ControlRig/Content/Controls/ControlRig_HalfCircle_1mm.uexp" 844
"../../../Engine/Plugins/Animation/ControlRig/Content/Controls/ControlRig_HalfCircle_3mm.ubulk" 845
"../../../Engine/Plugins/Animation/ControlRig/Content/Controls/ControlRig_HalfCircle_3mm.uasset" 846
"../../../Engine/Plugins/Animation/ControlRig/Content/Controls/ControlRig_HalfCircle_3mm.uexp" 847
"../../../Engine/Plugins/Animation/ControlRig/Content/Controls/ControlRig_HalfCircle_solid.ubulk" 848
"../../../Engine/Plugins/Animation/ControlRig/Content/Controls/ControlRig_HalfCircle_solid.uasset" 849
"../../../Engine/Plugins/Animation/ControlRig/Content/Controls/ControlRig_HalfCircle_solid.uexp" 850
"../../../Engine/Plugins/Animation/ControlRig/Content/Controls/ControlRig_Hexagon_1mm.ubulk" 851
"../../../Engine/Plugins/Animation/ControlRig/Content/Controls/ControlRig_Hexagon_1mm.uasset" 852
"../../../Engine/Plugins/Animation/ControlRig/Content/Controls/ControlRig_Hexagon_1mm.uexp" 853
"../../../Engine/Plugins/Animation/ControlRig/Content/Controls/ControlRig_Hexagon_3mm.ubulk" 854
"../../../Engine/Plugins/Animation/ControlRig/Content/Controls/ControlRig_Hexagon_3mm.uasset" 855
"../../../Engine/Plugins/Animation/ControlRig/Content/Controls/ControlRig_Hexagon_3mm.uexp" 856
"../../../Engine/Plugins/Animation/ControlRig/Content/Controls/ControlRig_Hexagon_solid.ubulk" 857
"../../../Engine/Plugins/Animation/ControlRig/Content/Controls/ControlRig_Hexagon_solid.uasset" 858
"../../../Engine/Plugins/Animation/ControlRig/Content/Controls/ControlRig_Hexagon_solid.uexp" 859
"../../../Engine/Plugins/Animation/ControlRig/Content/Controls/ControlRig_Octagon_1mm.ubulk" 860
"../../../Engine/Plugins/Animation/ControlRig/Content/Controls/ControlRig_Octagon_1mm.uasset" 861
"../../../Engine/Plugins/Animation/ControlRig/Content/Controls/ControlRig_Octagon_1mm.uexp" 862
"../../../Engine/Plugins/Animation/ControlRig/Content/Controls/ControlRig_Octagon_3mm.ubulk" 863
"../../../Engine/Plugins/Animation/ControlRig/Content/Controls/ControlRig_Octagon_3mm.uasset" 864
"../../../Engine/Plugins/Animation/ControlRig/Content/Controls/ControlRig_Octagon_3mm.uexp" 865
"../../../Engine/Plugins/Animation/ControlRig/Content/Controls/ControlRig_Octagon_solid.ubulk" 866
"../../../Engine/Plugins/Animation/ControlRig/Content/Controls/ControlRig_Octagon_solid.uasset" 867
"../../../Engine/Plugins/Animation/ControlRig/Content/Controls/ControlRig_Octagon_solid.uexp" 868
"../../../Engine/Plugins/Animation/ControlRig/Content/Controls/ControlRig_Pyramid_1mm.ubulk" 869
"../../../Engine/Plugins/Animation/ControlRig/Content/Controls/ControlRig_Pyramid_1mm.uasset" 870
"../../../Engine/Plugins/Animation/ControlRig/Content/Controls/ControlRig_Pyramid_1mm.uexp" 871
"../../../Engine/Plugins/Animation/ControlRig/Content/Controls/ControlRig_Pyramid_3mm.ubulk" 872
"../../../Engine/Plugins/Animation/ControlRig/Content/Controls/ControlRig_Pyramid_3mm.uasset" 873
"../../../Engine/Plugins/Animation/ControlRig/Content/Controls/ControlRig_Pyramid_3mm.uexp" 874
"../../../Engine/Plugins/Animation/ControlRig/Content/Controls/ControlRig_Pyramid_solid.ubulk" 875
"../../../Engine/Plugins/Animation/ControlRig/Content/Controls/ControlRig_Pyramid_solid.uasset" 876
"../../../Engine/Plugins/Animation/ControlRig/Content/Controls/ControlRig_Pyramid_solid.uexp" 877
"../../../Engine/Plugins/Animation/ControlRig/Content/Controls/ControlRig_QuarterCircle_1mm.ubulk" 878
"../../../Engine/Plugins/Animation/ControlRig/Content/Controls/ControlRig_QuarterCircle_1mm.uasset" 879
"../../../Engine/Plugins/Animation/ControlRig/Content/Controls/ControlRig_QuarterCircle_1mm.uexp" 880
"../../../Engine/Plugins/Animation/ControlRig/Content/Controls/ControlRig_QuarterCircle_3mm.ubulk" 881
"../../../Engine/Plugins/Animation/ControlRig/Content/Controls/ControlRig_QuarterCircle_3mm.uasset" 882
"../../../Engine/Plugins/Animation/ControlRig/Content/Controls/ControlRig_QuarterCircle_3mm.uexp" 883
"../../../Engine/Plugins/Animation/ControlRig/Content/Controls/ControlRig_QuarterCircle_solid.ubulk" 884
"../../../Engine/Plugins/Animation/ControlRig/Content/Controls/ControlRig_QuarterCircle_solid.uasset" 885
"../../../Engine/Plugins/Animation/ControlRig/Content/Controls/ControlRig_QuarterCircle_solid.uexp" 886
"../../../Engine/Plugins/Animation/ControlRig/Content/Controls/ControlRig_RoundedSquare_1mm.ubulk" 887
"../../../Engine/Plugins/Animation/ControlRig/Content/Controls/ControlRig_RoundedSquare_1mm.uasset" 888
"../../../Engine/Plugins/Animation/ControlRig/Content/Controls/ControlRig_RoundedSquare_1mm.uexp" 889
"../../../Engine/Plugins/Animation/ControlRig/Content/Controls/ControlRig_RoundedSquare_3mm.ubulk" 890
"../../../Engine/Plugins/Animation/ControlRig/Content/Controls/ControlRig_RoundedSquare_3mm.uasset" 891
"../../../Engine/Plugins/Animation/ControlRig/Content/Controls/ControlRig_RoundedSquare_3mm.uexp" 892
"../../../Engine/Plugins/Animation/ControlRig/Content/Controls/ControlRig_RoundedSquare_solid.ubulk" 893
"../../../Engine/Plugins/Animation/ControlRig/Content/Controls/ControlRig_RoundedSquare_solid.uasset" 894
"../../../Engine/Plugins/Animation/ControlRig/Content/Controls/ControlRig_RoundedSquare_solid.uexp" 895
"../../../Engine/Plugins/Animation/ControlRig/Content/Controls/ControlRig_RoundedTriangle_1mm.ubulk" 896
"../../../Engine/Plugins/Animation/ControlRig/Content/Controls/ControlRig_RoundedTriangle_1mm.uasset" 897
"../../../Engine/Plugins/Animation/ControlRig/Content/Controls/ControlRig_RoundedTriangle_1mm.uexp" 898
"../../../Engine/Plugins/Animation/ControlRig/Content/Controls/ControlRig_RoundedTriangle_3mm.ubulk" 899
"../../../Engine/Plugins/Animation/ControlRig/Content/Controls/ControlRig_RoundedTriangle_3mm.uasset" 900
"../../../Engine/Plugins/Animation/ControlRig/Content/Controls/ControlRig_RoundedTriangle_3mm.uexp" 901
"../../../Engine/Plugins/Animation/ControlRig/Content/Controls/ControlRig_RoundedTriangle_solid.ubulk" 902
"../../../Engine/Plugins/Animation/ControlRig/Content/Controls/ControlRig_RoundedTriangle_solid.uasset" 903
"../../../Engine/Plugins/Animation/ControlRig/Content/Controls/ControlRig_RoundedTriangle_solid.uexp" 904
"../../../Engine/Plugins/Animation/ControlRig/Content/Controls/ControlRig_Sphere_1mm.ubulk" 905
"../../../Engine/Plugins/Animation/ControlRig/Content/Controls/ControlRig_Sphere_1mm.uasset" 906
"../../../Engine/Plugins/Animation/ControlRig/Content/Controls/ControlRig_Sphere_1mm.uexp" 907
"../../../Engine/Plugins/Animation/ControlRig/Content/Controls/ControlRig_Sphere_3mm.ubulk" 908
"../../../Engine/Plugins/Animation/ControlRig/Content/Controls/ControlRig_Sphere_3mm.uasset" 909
"../../../Engine/Plugins/Animation/ControlRig/Content/Controls/ControlRig_Sphere_3mm.uexp" 910
"../../../Engine/Plugins/Animation/ControlRig/Content/Controls/ControlRig_Sphere_solid.ubulk" 911
"../../../Engine/Plugins/Animation/ControlRig/Content/Controls/ControlRig_Sphere_solid.uasset" 912
"../../../Engine/Plugins/Animation/ControlRig/Content/Controls/ControlRig_Sphere_solid.uexp" 913
"../../../Engine/Plugins/Animation/ControlRig/Content/Controls/ControlRig_Square_1mm.ubulk" 914
"../../../Engine/Plugins/Animation/ControlRig/Content/Controls/ControlRig_Square_1mm.uasset" 915
"../../../Engine/Plugins/Animation/ControlRig/Content/Controls/ControlRig_Square_1mm.uexp" 916
"../../../Engine/Plugins/Animation/ControlRig/Content/Controls/ControlRig_Square_3mm.ubulk" 917
"../../../Engine/Plugins/Animation/ControlRig/Content/Controls/ControlRig_Square_3mm.uasset" 918
"../../../Engine/Plugins/Animation/ControlRig/Content/Controls/ControlRig_Square_3mm.uexp" 919
"../../../Engine/Plugins/Animation/ControlRig/Content/Controls/ControlRig_Square_solid.ubulk" 920
"../../../Engine/Plugins/Animation/ControlRig/Content/Controls/ControlRig_Square_solid.uasset" 921
"../../../Engine/Plugins/Animation/ControlRig/Content/Controls/ControlRig_Square_solid.uexp" 922
"../../../Engine/Plugins/Animation/ControlRig/Content/Controls/ControlRig_Star4_1mm.ubulk" 923
"../../../Engine/Plugins/Animation/ControlRig/Content/Controls/ControlRig_Star4_1mm.uasset" 924
"../../../Engine/Plugins/Animation/ControlRig/Content/Controls/ControlRig_Star4_1mm.uexp" 925
"../../../Engine/Plugins/Animation/ControlRig/Content/Controls/ControlRig_Star4_3mm.ubulk" 926
"../../../Engine/Plugins/Animation/ControlRig/Content/Controls/ControlRig_Star4_3mm.uasset" 927
"../../../Engine/Plugins/Animation/ControlRig/Content/Controls/ControlRig_Star4_3mm.uexp" 928
"../../../Engine/Plugins/Animation/ControlRig/Content/Controls/ControlRig_Star4_solid.ubulk" 929
"../../../Engine/Plugins/Animation/ControlRig/Content/Controls/ControlRig_Star4_solid.uasset" 930
"../../../Engine/Plugins/Animation/ControlRig/Content/Controls/ControlRig_Star4_solid.uexp" 931
"../../../Engine/Plugins/Animation/ControlRig/Content/Controls/ControlRig_Triangle_1mm.ubulk" 932
"../../../Engine/Plugins/Animation/ControlRig/Content/Controls/ControlRig_Triangle_1mm.uasset" 933
"../../../Engine/Plugins/Animation/ControlRig/Content/Controls/ControlRig_Triangle_1mm.uexp" 934
"../../../Engine/Plugins/Animation/ControlRig/Content/Controls/ControlRig_Triangle_3mm.ubulk" 935
"../../../Engine/Plugins/Animation/ControlRig/Content/Controls/ControlRig_Triangle_3mm.uasset" 936
"../../../Engine/Plugins/Animation/ControlRig/Content/Controls/ControlRig_Triangle_3mm.uexp" 937
"../../../Engine/Plugins/Animation/ControlRig/Content/Controls/ControlRig_Triangle_solid.ubulk" 938
"../../../Engine/Plugins/Animation/ControlRig/Content/Controls/ControlRig_Triangle_solid.uasset" 939
"../../../Engine/Plugins/Animation/ControlRig/Content/Controls/ControlRig_Triangle_solid.uexp" 940
"../../../Engine/Plugins/Animation/ControlRig/Content/Controls/ControlRig_Wedge_1mm.ubulk" 941
"../../../Engine/Plugins/Animation/ControlRig/Content/Controls/ControlRig_Wedge_1mm.uasset" 942
"../../../Engine/Plugins/Animation/ControlRig/Content/Controls/ControlRig_Wedge_1mm.uexp" 943
"../../../Engine/Plugins/Animation/ControlRig/Content/Controls/ControlRig_Wedge_3mm.ubulk" 944
"../../../Engine/Plugins/Animation/ControlRig/Content/Controls/ControlRig_Wedge_3mm.uasset" 945
"../../../Engine/Plugins/Animation/ControlRig/Content/Controls/ControlRig_Wedge_3mm.uexp" 946
"../../../Engine/Plugins/Animation/ControlRig/Content/Controls/ControlRig_Wedge_solid.ubulk" 947
"../../../Engine/Plugins/Animation/ControlRig/Content/Controls/ControlRig_Wedge_solid.uasset" 948
"../../../Engine/Plugins/Animation/ControlRig/Content/Controls/ControlRig_Wedge_solid.uexp" 949
"../../../Engine/Content/Functions/Engine_MaterialFunctions02/Texturing/CustomRotator.uasset" 950
"../../../Engine/Content/Functions/Engine_MaterialFunctions02/Texturing/CustomRotator.uexp" 951
"../../../Engine/Content/Functions/Engine_MaterialFunctions01/Gradient/GeneratedRoundRect.uasset" 952
"../../../Engine/Content/Functions/Engine_MaterialFunctions01/Gradient/GeneratedRoundRect.uexp" 953
"../../../Engine/Content/Functions/Engine_MaterialFunctions01/Gradient/SphereGradient-2D.uasset" 954
"../../../Engine/Content/Functions/Engine_MaterialFunctions01/Gradient/SphereGradient-2D.uexp" 955
"../../../Engine/Plugins/Runtime/AudioWidgets/Content/AudioMaterialSlate/Functions/MF_DotOutlined.uasset" 956
"../../../Engine/Plugins/Runtime/AudioWidgets/Content/AudioMaterialSlate/Functions/MF_DotOutlined.uexp" 957
"../../../Engine/Plugins/Runtime/AudioWidgets/Content/AudioMaterialSlate/M_AudioMaterialEnvelope_ADSR.uasset" 958
"../../../Engine/Plugins/Runtime/AudioWidgets/Content/AudioMaterialSlate/M_AudioMaterialEnvelope_ADSR.uexp" 959
"../../../Engine/Plugins/Runtime/AudioWidgets/Content/AudioMaterialSlate/MI_AudioMaterialEnvelope_ADSR.uasset" 960
"../../../Engine/Plugins/Runtime/AudioWidgets/Content/AudioMaterialSlate/MI_AudioMaterialEnvelope_ADSR.uexp" 961
"../../../Engine/Plugins/Runtime/AudioWidgets/Content/AudioMaterialSlate/Functions/MF_SingleLine_Smooth.uasset" 962
"../../../Engine/Plugins/Runtime/AudioWidgets/Content/AudioMaterialSlate/Functions/MF_SingleLine_Smooth.uexp" 963
"../../../Engine/Plugins/Runtime/AudioWidgets/Content/AudioMaterialSlate/Functions/MF_AngleGradient.uasset" 964
"../../../Engine/Plugins/Runtime/AudioWidgets/Content/AudioMaterialSlate/Functions/MF_AngleGradient.uexp" 965
"../../../Engine/Content/Functions/Engine_MaterialFunctions02/Lerp_3Color.uasset" 966
"../../../Engine/Content/Functions/Engine_MaterialFunctions02/Lerp_3Color.uexp" 967
"../../../Engine/Plugins/Runtime/AudioWidgets/Content/AudioMaterialSlate/M_AudioMaterialKnob.uasset" 968
"../../../Engine/Plugins/Runtime/AudioWidgets/Content/AudioMaterialSlate/M_AudioMaterialKnob.uexp" 969
"../../../Engine/Plugins/Runtime/AudioWidgets/Content/AudioMaterialSlate/MI_AudioMaterialKnob.uasset" 970
"../../../Engine/Plugins/Runtime/AudioWidgets/Content/AudioMaterialSlate/MI_AudioMaterialKnob.uexp" 971
"../../../Engine/Plugins/Runtime/AudioWidgets/Content/AudioMaterialSlate/Functions/MF_Lines.uasset" 972
"../../../Engine/Plugins/Runtime/AudioWidgets/Content/AudioMaterialSlate/Functions/MF_Lines.uexp" 973
"../../../Engine/Plugins/Runtime/AudioWidgets/Content/AudioMaterialSlate/M_AudioMaterialMeter.uasset" 974
"../../../Engine/Plugins/Runtime/AudioWidgets/Content/AudioMaterialSlate/M_AudioMaterialMeter.uexp" 975
"../../../Engine/Plugins/Runtime/AudioWidgets/Content/AudioMaterialSlate/MI_AudioMaterialMeter.uasset" 976
"../../../Engine/Plugins/Runtime/AudioWidgets/Content/AudioMaterialSlate/MI_AudioMaterialMeter.uexp" 977
"../../../Engine/Plugins/Runtime/AudioWidgets/Content/AudioMaterialSlate/M_AudioMaterialRoundedSlider.uasset" 978
"../../../Engine/Plugins/Runtime/AudioWidgets/Content/AudioMaterialSlate/M_AudioMaterialRoundedSlider.uexp" 979
"../../../Engine/Plugins/Runtime/AudioWidgets/Content/AudioMaterialSlate/MI_AudioMaterialRoundedSlider.uasset" 980
"../../../Engine/Plugins/Runtime/AudioWidgets/Content/AudioMaterialSlate/MI_AudioMaterialRoundedSlider.uexp" 981
"../../../Engine/Plugins/Runtime/AudioWidgets/Content/AudioMaterialSlate/Functions/MF_SingleLine.uasset" 982
"../../../Engine/Plugins/Runtime/AudioWidgets/Content/AudioMaterialSlate/Functions/MF_SingleLine.uexp" 983
"../../../Engine/Plugins/Runtime/AudioWidgets/Content/AudioMaterialSlate/M_AudioMaterialToggleButton.uasset" 984
"../../../Engine/Plugins/Runtime/AudioWidgets/Content/AudioMaterialSlate/M_AudioMaterialToggleButton.uexp" 985
"../../../Engine/Plugins/Runtime/AudioWidgets/Content/AudioMaterialSlate/MI_AudioMaterialToggleButton.uasset" 986
"../../../Engine/Plugins/Runtime/AudioWidgets/Content/AudioMaterialSlate/MI_AudioMaterialToggleButton.uexp" 987
"../../../Engine/Plugins/2D/Paper2D/Content/DefaultSpriteMaterial.uasset" 988
"../../../Engine/Plugins/2D/Paper2D/Content/DefaultSpriteMaterial.uexp" 989
"../../../Engine/Plugins/2D/Paper2D/Content/MaskedUnlitSpriteMaterial.uasset" 990
"../../../Engine/Plugins/2D/Paper2D/Content/MaskedUnlitSpriteMaterial.uexp" 991
"../../../Engine/Plugins/2D/Paper2D/Content/OpaqueUnlitSpriteMaterial.uasset" 992
"../../../Engine/Plugins/2D/Paper2D/Content/OpaqueUnlitSpriteMaterial.uexp" 993
"../../../Engine/Plugins/Media/MediaPlate/Content/SM_MediaPlateScreen.ubulk" 994
"../../../Engine/Plugins/Media/MediaPlate/Content/SM_MediaPlateScreen.uasset" 995
"../../../Engine/Plugins/Media/MediaPlate/Content/SM_MediaPlateScreen.uexp" 996
"../../../Engine/Plugins/NNE/NNEDenoiser/Content/NNEDIM_ColorAlbedoNormal_Alpha.uasset" 997
"../../../Engine/Plugins/NNE/NNEDenoiser/Content/NNEDIM_ColorAlbedoNormal_Alpha.uexp" 998
"../../../Engine/Plugins/NNE/NNEDenoiser/Content/NNEDIM_ColorAlbedoNormal_Default.uasset" 999
"../../../Engine/Plugins/NNE/NNEDenoiser/Content/NNEDIM_ColorAlbedoNormal_Default.uexp" 1000
"../../../Engine/Plugins/NNE/NNEDenoiser/Content/NNEDIM_HighQuality_Alpha.uasset" 1001
"../../../Engine/Plugins/NNE/NNEDenoiser/Content/NNEDIM_HighQuality_Alpha.uexp" 1002
"../../../Engine/Plugins/NNE/NNEDenoiser/Content/NNEDIM_HighQuality_Default.uasset" 1003
"../../../Engine/Plugins/NNE/NNEDenoiser/Content/NNEDIM_HighQuality_Default.uexp" 1004
"../../../Engine/Plugins/NNE/NNEDenoiser/Content/NNEDOM_Output_Alpha.uasset" 1005
"../../../Engine/Plugins/NNE/NNEDenoiser/Content/NNEDOM_Output_Alpha.uexp" 1006
"../../../Engine/Plugins/NNE/NNEDenoiser/Content/NNEDOM_Output_Default.uasset" 1007
"../../../Engine/Plugins/NNE/NNEDenoiser/Content/NNEDOM_Output_Default.uexp" 1008
"../../../Engine/Plugins/NNE/NNEDenoiser/Content/NNEDTIM_ColorAlbedoNormal_Alpha.uasset" 1009
"../../../Engine/Plugins/NNE/NNEDenoiser/Content/NNEDTIM_ColorAlbedoNormal_Alpha.uexp" 1010
"../../../Engine/Plugins/NNE/NNEDenoiser/Content/NNEDTIM_ColorAlbedoNormal_Default.uasset" 1011
"../../../Engine/Plugins/NNE/NNEDenoiser/Content/NNEDTIM_ColorAlbedoNormal_Default.uexp" 1012
"../../../Engine/Plugins/NNE/NNEDenoiser/Content/NNEDTOM_Output_Alpha.uasset" 1013
"../../../Engine/Plugins/NNE/NNEDenoiser/Content/NNEDTOM_Output_Alpha.uexp" 1014
"../../../Engine/Plugins/NNE/NNEDenoiser/Content/NNEDTOM_Output_Default.uasset" 1015
"../../../Engine/Plugins/NNE/NNEDenoiser/Content/NNEDTOM_Output_Default.uexp" 1016
"C:/Users/Peiying Zhang/Desktop/CompassDemo/Content/LevelPrototyping/Textures/T_GridChecker_A.ubulk" 1017
"C:/Users/Peiying Zhang/Desktop/CompassDemo/Content/LevelPrototyping/Textures/T_GridChecker_A.uasset" 1018
"C:/Users/Peiying Zhang/Desktop/CompassDemo/Content/LevelPrototyping/Textures/T_GridChecker_A.uexp" 1019
"../../../Engine/Content/Functions/Engine_MaterialFunctions01/Gradient/LinearGradient.uasset" 1020
"../../../Engine/Content/Functions/Engine_MaterialFunctions01/Gradient/LinearGradient.uexp" 1021
"../../../Engine/Content/Functions/Engine_MaterialFunctions01/ImageAdjustment/CheapContrast.uasset" 1022
"../../../Engine/Content/Functions/Engine_MaterialFunctions01/ImageAdjustment/CheapContrast.uexp" 1023
"C:/Users/Peiying Zhang/Desktop/CompassDemo/Content/LevelPrototyping/Materials/MF_ProcGrid.uasset" 1024
"C:/Users/Peiying Zhang/Desktop/CompassDemo/Content/LevelPrototyping/Materials/MF_ProcGrid.uexp" 1025
"C:/Users/Peiying Zhang/Desktop/CompassDemo/Content/LevelPrototyping/Materials/M_PrototypeGrid.uasset" 1026
"C:/Users/Peiying Zhang/Desktop/CompassDemo/Content/LevelPrototyping/Materials/M_PrototypeGrid.uexp" 1027
"C:/Users/Peiying Zhang/Desktop/CompassDemo/Content/LevelPrototyping/Materials/MI_PrototypeGrid_Gray.uasset" 1028
"C:/Users/Peiying Zhang/Desktop/CompassDemo/Content/LevelPrototyping/Materials/MI_PrototypeGrid_Gray.uexp" 1029
"C:/Users/Peiying Zhang/Desktop/CompassDemo/Content/LevelPrototyping/Meshes/SM_Cube.ubulk" 1030
"C:/Users/Peiying Zhang/Desktop/CompassDemo/Content/LevelPrototyping/Meshes/SM_Cube.uasset" 1031
"C:/Users/Peiying Zhang/Desktop/CompassDemo/Content/LevelPrototyping/Meshes/SM_Cube.uexp" 1032
"C:/Users/Peiying Zhang/Desktop/CompassDemo/Content/LevelPrototyping/Materials/MI_PrototypeGrid_TopDark.uasset" 1033
"C:/Users/Peiying Zhang/Desktop/CompassDemo/Content/LevelPrototyping/Materials/MI_PrototypeGrid_TopDark.uexp" 1034
"C:/Users/Peiying Zhang/Desktop/CompassDemo/Content/LevelPrototyping/Meshes/SM_QuarterCylinder.ubulk" 1035
"C:/Users/Peiying Zhang/Desktop/CompassDemo/Content/LevelPrototyping/Meshes/SM_QuarterCylinder.uasset" 1036
"C:/Users/Peiying Zhang/Desktop/CompassDemo/Content/LevelPrototyping/Meshes/SM_QuarterCylinder.uexp" 1037
"../../../Engine/Content/EditorMaterials/WorldGridPreviewMaterial.uasset" 1038
"../../../Engine/Content/EditorMaterials/WorldGridPreviewMaterial.uexp" 1039
"C:/Users/Peiying Zhang/Desktop/CompassDemo/Content/Meshes/SM_Compass_W.ubulk" 1040
"C:/Users/Peiying Zhang/Desktop/CompassDemo/Content/Meshes/SM_Compass_W.uasset" 1041
"C:/Users/Peiying Zhang/Desktop/CompassDemo/Content/Meshes/SM_Compass_W.uexp" 1042
"../../../Engine/Plugins/Interchange/Assets/Content/gltf/MaterialInstances/MI_SpecularGlossiness_Blend.uasset" 1043
"../../../Engine/Plugins/Interchange/Assets/Content/gltf/MaterialInstances/MI_SpecularGlossiness_Blend.uexp" 1044
"C:/Users/Peiying Zhang/Desktop/CompassDemo/Content/LevelPrototyping/Meshes/SM_ChamferCube.ubulk" 1045
"C:/Users/Peiying Zhang/Desktop/CompassDemo/Content/LevelPrototyping/Meshes/SM_ChamferCube.uasset" 1046
"C:/Users/Peiying Zhang/Desktop/CompassDemo/Content/LevelPrototyping/Meshes/SM_ChamferCube.uexp" 1047
"../../../Engine/Content/EditorMaterials/WidgetMaterial_X.uasset" 1048
"../../../Engine/Content/EditorMaterials/WidgetMaterial_X.uexp" 1049
"C:/Users/Peiying Zhang/Desktop/CompassDemo/Content/Meshes/SM_Compass_N.ubulk" 1050
"C:/Users/Peiying Zhang/Desktop/CompassDemo/Content/Meshes/SM_Compass_N.uasset" 1051
"C:/Users/Peiying Zhang/Desktop/CompassDemo/Content/Meshes/SM_Compass_N.uexp" 1052
"C:/Users/Peiying Zhang/Desktop/CompassDemo/Content/LevelPrototyping/Meshes/SM_Ramp.ubulk" 1053
"C:/Users/Peiying Zhang/Desktop/CompassDemo/Content/LevelPrototyping/Meshes/SM_Ramp.uasset" 1054
"C:/Users/Peiying Zhang/Desktop/CompassDemo/Content/LevelPrototyping/Meshes/SM_Ramp.uexp" 1055
"../../../Engine/Content/EngineSky/T_Sky_Stars.ubulk" 1056
"../../../Engine/Content/EngineSky/T_Sky_Stars.uasset" 1057
"../../../Engine/Content/EngineSky/T_Sky_Stars.uexp" 1058
"../../../Engine/Content/EngineSky/T_Sky_Clouds_M.ubulk" 1059
"../../../Engine/Content/EngineSky/T_Sky_Clouds_M.uasset" 1060
"../../../Engine/Content/EngineSky/T_Sky_Clouds_M.uexp" 1061
"../../../Engine/Content/EngineSky/T_Sky_Blue.ubulk" 1062
"../../../Engine/Content/EngineSky/T_Sky_Blue.uasset" 1063
"../../../Engine/Content/EngineSky/T_Sky_Blue.uexp" 1064
"../../../Engine/Content/EngineSky/M_Sky_Panning_Clouds2.uasset" 1065
"../../../Engine/Content/EngineSky/M_Sky_Panning_Clouds2.uexp" 1066
"../../../Engine/Content/EngineSky/SM_SkySphere.ubulk" 1067
"../../../Engine/Content/EngineSky/SM_SkySphere.uasset" 1068
"../../../Engine/Content/EngineSky/SM_SkySphere.uexp" 1069
"../../../Engine/Content/EngineSky/M_SimpleSkyDome.uasset" 1070
"../../../Engine/Content/EngineSky/M_SimpleSkyDome.uexp" 1071
"C:/Users/Peiying Zhang/Desktop/CompassDemo/Content/Meshes/SM_Compass_E.ubulk" 1072
"C:/Users/Peiying Zhang/Desktop/CompassDemo/Content/Meshes/SM_Compass_E.uasset" 1073
"C:/Users/Peiying Zhang/Desktop/CompassDemo/Content/Meshes/SM_Compass_E.uexp" 1074
"C:/Users/Peiying Zhang/Desktop/CompassDemo/Content/Meshes/SM_Compass_S.ubulk" 1075
"C:/Users/Peiying Zhang/Desktop/CompassDemo/Content/Meshes/SM_Compass_S.uasset" 1076
"C:/Users/Peiying Zhang/Desktop/CompassDemo/Content/Meshes/SM_Compass_S.uexp" 1077
"../../../Engine/Content/EngineResources/LandscapeVisibilityLayerInfo.uasset" 1078
"../../../Engine/Content/EngineResources/LandscapeVisibilityLayerInfo.uexp" 1079
"../../../Engine/Content/VREditor/TransformGizmo/StartRotationHandleIndicator.ubulk" 1080
"../../../Engine/Content/VREditor/TransformGizmo/StartRotationHandleIndicator.uasset" 1081
"../../../Engine/Content/VREditor/TransformGizmo/StartRotationHandleIndicator.uexp" 1082
"../../../Engine/Content/VREditor/Sounds/UI/Drop_Item_From_ContentBrowser.ubulk" 1083
"../../../Engine/Content/VREditor/Sounds/UI/Drop_Item_From_ContentBrowser.uasset" 1084
"../../../Engine/Content/VREditor/Sounds/UI/Drop_Item_From_ContentBrowser.uexp" 1085
"../../../Engine/Content/VREditor/TransformGizmo/PlaneTranslationHandle.ubulk" 1086
"../../../Engine/Content/VREditor/TransformGizmo/PlaneTranslationHandle.uasset" 1087
"../../../Engine/Content/VREditor/TransformGizmo/PlaneTranslationHandle.uexp" 1088
"../../../Engine/Content/VREditor/Sounds/UI/Object_Snaps_To_Grid.ubulk" 1089
"../../../Engine/Content/VREditor/Sounds/UI/Object_Snaps_To_Grid.uasset" 1090
"../../../Engine/Content/VREditor/Sounds/UI/Object_Snaps_To_Grid.uexp" 1091
"../../../Engine/Content/VREditor/Sounds/UI/Selection_Changes.ubulk" 1092
"../../../Engine/Content/VREditor/Sounds/UI/Selection_Changes.uasset" 1093
"../../../Engine/Content/VREditor/Sounds/UI/Selection_Changes.uexp" 1094
"../../../Engine/Content/VREditor/Sounds/UI/Object_Snaps_To_Another_Actor.ubulk" 1095
"../../../Engine/Content/VREditor/Sounds/UI/Object_Snaps_To_Another_Actor.uasset" 1096
"../../../Engine/Content/VREditor/Sounds/UI/Object_Snaps_To_Another_Actor.uexp" 1097
"../../../Engine/Content/VREditor/TransformGizmo/TranslucentTransformGizmoMaterial_Inst.uasset" 1098
"../../../Engine/Content/VREditor/TransformGizmo/TranslucentTransformGizmoMaterial_Inst.uexp" 1099
"../../../Engine/Content/VREditor/TransformGizmo/TransformGizmoFreeRotation.ubulk" 1100
"../../../Engine/Content/VREditor/TransformGizmo/TransformGizmoFreeRotation.uasset" 1101
"../../../Engine/Content/VREditor/TransformGizmo/TransformGizmoFreeRotation.uexp" 1102
"../../../Engine/Content/VREditor/Sounds/UI/Scaling_Down.ubulk" 1103
"../../../Engine/Content/VREditor/Sounds/UI/Scaling_Down.uasset" 1104
"../../../Engine/Content/VREditor/Sounds/UI/Scaling_Down.uexp" 1105
"../../../Engine/Content/Functions/Engine_MaterialFunctions02/SplitComponents.uasset" 1106
"../../../Engine/Content/Functions/Engine_MaterialFunctions02/SplitComponents.uexp" 1107
"../../../Engine/Content/VREditor/SnapGrid/SnapGridMaterial.uasset" 1108
"../../../Engine/Content/VREditor/SnapGrid/SnapGridMaterial.uexp" 1109
"../../../Engine/Content/VREditor/SnapGrid/SnapGridPlaneMesh.ubulk" 1110
"../../../Engine/Content/VREditor/SnapGrid/SnapGridPlaneMesh.uasset" 1111
"../../../Engine/Content/VREditor/SnapGrid/SnapGridPlaneMesh.uexp" 1112
"../../../Engine/Content/VREditor/Sounds/UI/Scaling_Up.ubulk" 1113
"../../../Engine/Content/VREditor/Sounds/UI/Scaling_Up.uasset" 1114
"../../../Engine/Content/VREditor/Sounds/UI/Scaling_Up.uexp" 1115
"../../../Engine/Content/VREditor/TransformGizmo/TransformGizmoMaterial_Inst.uasset" 1116
"../../../Engine/Content/VREditor/TransformGizmo/TransformGizmoMaterial_Inst.uexp" 1117
"../../../Engine/Content/VREditor/Sounds/UI/Gizmo_Handle_Clicked.ubulk" 1118
"../../../Engine/Content/VREditor/Sounds/UI/Gizmo_Handle_Clicked.uasset" 1119
"../../../Engine/Content/VREditor/Sounds/UI/Gizmo_Handle_Clicked.uexp" 1120
"../../../Engine/Content/VREditor/TransformGizmo/RotationHandleQuarter.ubulk" 1121
"../../../Engine/Content/VREditor/TransformGizmo/RotationHandleQuarter.uasset" 1122
"../../../Engine/Content/VREditor/TransformGizmo/RotationHandleQuarter.uexp" 1123
"../../../Engine/Content/VREditor/TransformGizmo/TranslateArrowHandle.ubulk" 1124
"../../../Engine/Content/VREditor/TransformGizmo/TranslateArrowHandle.uasset" 1125
"../../../Engine/Content/VREditor/TransformGizmo/TranslateArrowHandle.uexp" 1126
"../../../Engine/Content/VREditor/TransformGizmo/RotationHandleIndicator.ubulk" 1127
"../../../Engine/Content/VREditor/TransformGizmo/RotationHandleIndicator.uasset" 1128
"../../../Engine/Content/VREditor/TransformGizmo/RotationHandleIndicator.uexp" 1129
"../../../Engine/Content/VREditor/TransformGizmo/UniformScaleHandle.ubulk" 1130
"../../../Engine/Content/VREditor/TransformGizmo/UniformScaleHandle.uasset" 1131
"../../../Engine/Content/VREditor/TransformGizmo/UniformScaleHandle.uexp" 1132
"../../../Engine/Content/VREditor/TransformGizmo/RotationHandleFull.ubulk" 1133
"../../../Engine/Content/VREditor/TransformGizmo/RotationHandleFull.uasset" 1134
"../../../Engine/Content/VREditor/TransformGizmo/RotationHandleFull.uexp" 1135
"../../../Engine/Content/VREditor/Sounds/UI/Object_PickUp.ubulk" 1136
"../../../Engine/Content/VREditor/Sounds/UI/Object_PickUp.uasset" 1137
"../../../Engine/Content/VREditor/Sounds/UI/Object_PickUp.uexp" 1138
"../../../Engine/Plugins/Animation/DeformerGraph/Content/DeformerFunctions/DG_Function_ComputeNormalsTangents.uasset" 1139
"../../../Engine/Plugins/Animation/DeformerGraph/Content/DeformerFunctions/DG_Function_ComputeNormalsTangents.uexp" 1140
"../../../Engine/Plugins/Animation/DeformerGraph/Content/DeformerFunctions/DG_Function_LinearBlendSkin_Morph_Cloth.uasset" 1141
"../../../Engine/Plugins/Animation/DeformerGraph/Content/DeformerFunctions/DG_Function_LinearBlendSkin_Morph_Cloth.uexp" 1142
"../../../Engine/Plugins/Animation/DeformerGraph/Content/DeformerFunctions/DG_Function_LinearBlendSkin_Morph_Cloth_PositionOnly.uasset" 1143
"../../../Engine/Plugins/Animation/DeformerGraph/Content/DeformerFunctions/DG_Function_LinearBlendSkin_Morph_Cloth_PositionOnly.uexp" 1144
"../../../Engine/Plugins/Animation/DeformerGraph/Content/Deformers/DG_LinearBlendSkin_Morph_Cloth.uasset" 1145
"../../../Engine/Plugins/Animation/DeformerGraph/Content/Deformers/DG_LinearBlendSkin_Morph_Cloth.uexp" 1146
"../../../Engine/Plugins/Animation/DeformerGraph/Content/Deformers/DG_LinearBlendSkin_Morph_Cloth_RecomputeNormals.uasset" 1147
"../../../Engine/Plugins/Animation/DeformerGraph/Content/Deformers/DG_LinearBlendSkin_Morph_Cloth_RecomputeNormals.uexp" 1148
"../../../Engine/Plugins/NNE/NNEDenoiser/Content/NNEDT_Oidn2-3_Balanced.uasset" 1149
"../../../Engine/Plugins/NNE/NNEDenoiser/Content/NNEDT_Oidn2-3_Balanced.uexp" 1150
"../../../Engine/Plugins/NNE/NNEDenoiser/Content/NNEDT_Oidn2-3_Balanced_Alpha.uasset" 1151
"../../../Engine/Plugins/NNE/NNEDenoiser/Content/NNEDT_Oidn2-3_Balanced_Alpha.uexp" 1152
"../../../Engine/Plugins/NNE/NNEDenoiser/Content/NNED_Oidn2-3_Balanced.uasset" 1153
"../../../Engine/Plugins/NNE/NNEDenoiser/Content/NNED_Oidn2-3_Balanced.uexp" 1154
"../../../Engine/Plugins/NNE/NNEDenoiser/Content/NNED_Oidn2-3_Balanced_Alpha.uasset" 1155
"../../../Engine/Plugins/NNE/NNEDenoiser/Content/NNED_Oidn2-3_Balanced_Alpha.uexp" 1156
"../../../Engine/Plugins/NNE/NNEDenoiser/Content/NNED_Oidn2-3_Fast.uasset" 1157
"../../../Engine/Plugins/NNE/NNEDenoiser/Content/NNED_Oidn2-3_Fast.uexp" 1158
"../../../Engine/Plugins/NNE/NNEDenoiser/Content/NNED_Oidn2-3_Fast_Alpha.uasset" 1159
"../../../Engine/Plugins/NNE/NNEDenoiser/Content/NNED_Oidn2-3_Fast_Alpha.uexp" 1160
"../../../Engine/Plugins/NNE/NNEDenoiser/Content/NNED_Oidn2-3_HighQuality.uasset" 1161
"../../../Engine/Plugins/NNE/NNEDenoiser/Content/NNED_Oidn2-3_HighQuality.uexp" 1162
"../../../Engine/Plugins/NNE/NNEDenoiser/Content/NNED_Oidn2-3_HighQuality_Alpha.uasset" 1163
"../../../Engine/Plugins/NNE/NNEDenoiser/Content/NNED_Oidn2-3_HighQuality_Alpha.uexp" 1164
"../../../Engine/Plugins/NNE/NNEDenoiser/Content/NNE_oidn2-3-0_rt_hdr_alb_nrm_small__dyn__fp16_opset11_DenoiseAlpha.uasset" 1165
"../../../Engine/Plugins/NNE/NNEDenoiser/Content/NNE_oidn2-3-0_rt_hdr_alb_nrm_small__dyn__fp16_opset11_DenoiseAlpha.uexp" 1166
"../../../Engine/Plugins/NNE/NNEDenoiser/Content/NNE_oidn2-3-0_rt_hdr_alb_nrm_small__dyn__fp16_opset11_ForwardAlpha.uasset" 1167
"../../../Engine/Plugins/NNE/NNEDenoiser/Content/NNE_oidn2-3-0_rt_hdr_alb_nrm_small__dyn__fp16_opset11_ForwardAlpha.uexp" 1168
"../../../Engine/Plugins/NNE/NNEDenoiser/Content/NNE_oidn2-3-0_rt_hdr_alb_nrm__dyn__fp16_opset11_DenoiseAlpha.uasset" 1169
"../../../Engine/Plugins/NNE/NNEDenoiser/Content/NNE_oidn2-3-0_rt_hdr_alb_nrm__dyn__fp16_opset11_DenoiseAlpha.uexp" 1170
"../../../Engine/Plugins/NNE/NNEDenoiser/Content/NNE_oidn2-3-0_rt_hdr_alb_nrm__dyn__fp16_opset11_ForwardAlpha.uasset" 1171
"../../../Engine/Plugins/NNE/NNEDenoiser/Content/NNE_oidn2-3-0_rt_hdr_alb_nrm__dyn__fp16_opset11_ForwardAlpha.uexp" 1172
"../../../Engine/Plugins/NNE/NNEDenoiser/Content/NNE_oidn2-3-0_rt_hdr_calb_cnrm_large__dyn__fp16_opset11_DenoiseAlpha.uasset" 1173
"../../../Engine/Plugins/NNE/NNEDenoiser/Content/NNE_oidn2-3-0_rt_hdr_calb_cnrm_large__dyn__fp16_opset11_DenoiseAlpha.uexp" 1174
"../../../Engine/Plugins/NNE/NNEDenoiser/Content/NNE_oidn2-3-0_rt_hdr_calb_cnrm_large__dyn__fp16_opset11_ForwardAlpha.uasset" 1175
"../../../Engine/Plugins/NNE/NNEDenoiser/Content/NNE_oidn2-3-0_rt_hdr_calb_cnrm_large__dyn__fp16_opset11_ForwardAlpha.uexp" 1176
"C:/Users/Peiying Zhang/Desktop/CompassDemo/Content/FirstPerson/Maps/FirstPersonMap.uexp" 1177
"C:/Users/Peiying Zhang/Desktop/CompassDemo/Content/FirstPerson/Maps/FirstPersonMap.umap" 1178
"../../../Engine/Content/Maps/Entry_BuiltData.uasset" 1179
"../../../Engine/Content/Maps/Entry_BuiltData.uexp" 1180
"../../../Engine/Content/Maps/Entry.uexp" 1181
"../../../Engine/Content/Maps/Entry.umap" 1182
